sortie,time_s,progress_pct,direct_available,lon,lat,altitude_m
Q2-009,1583.0,0.0,1,109.2308517,23.0085095,127.7
Q2-009,1602.8534506932724,0.9856133045036884,1,109.2308517,23.0085095,187.2603520798172
Q2-009,1622.7069013865446,1.9712266090073656,1,109.2308517,23.0085095,246.82070415963375
Q2-009,1642.560352079817,2.956839913511054,1,109.23106646939667,23.008940956813582,293.2289123535156
Q2-009,1662.4138027730894,3.9424532180147422,1,109.23203906679159,23.010894837484827,293.2289123535156
Q2-009,1682.2672534663616,4.92806652251842,1,109.23301166418649,23.01284871815607,293.2289123535156
Q2-009,1702.120704159634,5.913679827022108,1,109.23398426158141,23.014802598827316,293.2289123535156
Q2-009,1721.9741548529064,6.899293131525797,1,109.23495685897633,23.01675647949856,293.2289123535156
Q2-009,1741.8276055461786,7.884906436029473,1,109.23592945637125,23.018710360169806,293.2289123535156
Q2-009,1761.681056239451,8.870519740533162,1,109.23690205376617,23.020664240841054,293.2289123535156
Q2-009,1781.5345069327232,9.85613304503684,1,109.23787465116109,23.0226181215123,293.2289123535156
Q2-009,1801.3879576259956,10.841746349540527,1,109.23884724855601,23.024572002183543,293.2289123535156
Q2-009,1821.241408319268,11.827359654044216,1,109.23981984595092,23.026525882854788,293.2289123535156
Q2-009,1841.0948590125404,12.812972958547904,1,109.24079244334584,23.028479763526033,293.2289123535156
Q2-009,1860.9483097058126,13.798586263051583,1,109.24176504074076,23.030433644197277,293.2289123535156
Q2-009,1880.8017603990847,14.784199567555259,1,109.24273763813568,23.032387524868525,293.2289123535156
Q2-009,1900.6552110923571,15.769812872058946,1,109.2437102355306,23.03434140553977,293.2289123535156
Q2-009,1920.5086617856296,16.755426176562633,1,109.24468283292552,23.036295286211015,293.2289123535156
Q2-009,1940.362112478902,17.741039481066323,1,109.24565543032044,23.03824916688226,293.2289123535156
Q2-009,1960.2155631721741,18.72665278557,1,109.24662802771535,23.040203047553504,293.2289123535156
Q2-009,1980.0690138654465,19.71226609007369,0,109.24760062511027,23.042156928224752,293.2289123535156
Q2-009,1999.9224645587187,20.697879394577367,0,109.24857322250519,23.044110808895997,293.2289123535156
Q2-009,2019.7759152519911,21.683492699081054,0,109.2495458199001,23.046064689567242,293.2289123535156
Q2-009,2039.6293659452635,22.669106003584744,0,109.25051841729503,23.048018570238487,293.2289123535156
Q2-009,2059.482816638536,23.65471930808843,0,109.25149101468995,23.04997245090973,293.2289123535156
Q2-009,2079.3362673318084,24.64033261259212,0,109.25246361208487,23.051926331580976,293.2289123535156
Q2-009,2099.1897180250808,25.62594591709581,0,109.25343620947977,23.053880212252224,293.2289123535156
Q2-009,2119.0431687183527,26.61155922159947,0,109.2541424,23.0552989,279.63362673318113
Q2-009,2138.896619411625,27.597172526103165,0,109.2541424,23.0552989,230.00000000000014
Q2-009,2158.896619411625,28.59006118785875,0,109.2541424,23.0552989,230.0
Q2-009,2178.896619411625,29.582949849614337,0,109.2541424,23.0552989,230.0
Q2-009,2198.896619411625,30.575838511369923,0,109.2541424,23.0552989,230.0
Q2-009,2218.896619411625,31.56872717312551,0,109.2541424,23.0552989,230.0
Q2-009,2238.896619411625,32.561615834881096,0,109.2541424,23.0552989,230.0
Q2-009,2258.896619411625,33.55450449663668,0,109.2541424,23.0552989,230.0
Q2-009,2278.896619411625,34.547393158392275,0,109.2541424,23.0552989,230.0
Q2-009,2298.896619411625,35.54028182014786,0,109.2541424,23.0552989,230.0
Q2-009,2318.896619411625,36.53317048190345,0,109.2541424,23.0552989,230.0
Q2-009,2337.9444354089082,37.4787885086489,0,109.2541424,23.0552989,287.14344799184937
Q2-009,2356.9922514061914,38.424406535394354,0,109.2541424,23.0552989,344.28689598369874
Q2-009,2376.040067403475,39.37002456213983,0,109.25572283387295,23.055253389339242,360.91961669921875
Q2-009,2395.087883400758,40.31564258888529,0,109.25795215550934,23.05518919310652,360.91961669921875
Q2-009,2414.135699398041,41.26126061563074,0,109.26018147714575,23.055124996873797,360.91961669921875
Q2-009,2433.1835153953243,42.206878642376196,0,109.26241079878214,23.055060800641073,360.91961669921875
Q2-009,2452.231331392608,43.15249666912167,0,109.26464012041853,23.05499660440835,360.91961669921875
Q2-009,2471.279147389891,44.09811469586713,0,109.26686944205494,23.054932408175624,360.91961669921875
Q2-009,2490.326963387174,45.04373272261259,0,109.26909876369133,23.0548682119429,360.91961669921875
Q2-009,2509.3747793844573,45.98935074935804,0,109.27132808532772,23.05480401571018,360.91961669921875
Q2-009,2528.422595381741,46.93496877610352,0,109.27355740696412,23.054739819477454,360.91961669921875
Q2-009,2547.470411379024,47.880586802848974,0,109.27578672860052,23.05467562324473,360.91961669921875
Q2-009,2566.518227376307,48.826204829594424,0,109.27801605023691,23.054611427012006,360.91961669921875
Q2-009,2585.56604337359,49.77182285633988,0,109.2802453718733,23.05454723077928,360.91961669921875
Q2-009,2604.613859370874,50.71744088308536,0,109.28247469350971,23.054483034546557,360.91961669921875
Q2-009,2623.661675368157,51.66305890983081,0,109.2831357,23.054464,327.4195399932072
Q2-009,2642.70949136544,52.608676936576266,0,109.2831357,23.054464,279.8
Q2-009,2662.70949136544,53.60156559833186,0,109.2831357,23.054464,279.8
Q2-009,2682.70949136544,54.594454260087446,0,109.2831357,23.054464,279.8
Q2-009,2702.70949136544,55.58734292184303,0,109.2831357,23.054464,279.8
Q2-009,2722.70949136544,56.58023158359862,0,109.2831357,23.054464,279.8
Q2-009,2742.70949136544,57.573120245354204,0,109.2831357,23.054464,279.8
Q2-009,2762.70949136544,58.56600890710979,0,109.2831357,23.054464,279.8
Q2-009,2782.70949136544,59.558897568865376,0,109.2831357,23.054464,279.8
Q2-009,2802.70949136544,60.55178623062096,0,109.2831357,23.054464,279.8
Q2-009,2822.70949136544,61.54467489237655,0,109.2831357,23.054464,279.8
Q2-009,2842.57141577044,62.53070886949511,0,109.2831357,23.054464,339.38577321500094
Q2-009,2862.4333401754398,63.516742846613646,0,109.2831357,23.054464,398.9715464299998
Q2-009,2882.29526458044,64.5027768237322,0,109.28185503737183,23.053338374364113,413.3009948730469
Q2-009,2902.15718898544,65.48881080085077,0,109.2801688802808,23.05185634341699,413.3009948730469
Q2-009,2922.0191133904395,66.4748447779693,0,109.27848272318978,23.05037431246987,413.3009948730469
Q2-009,2941.8810377954396,67.46087875508785,0,109.27679656609877,23.048892281522747,413.3009948730469
Q2-009,2961.7429622004393,68.4469127322064,0,109.27511040900774,23.047410250575627,413.3009948730469
Q2-009,2981.6048866054393,69.43294670932494,0,109.27342425191672,23.045928219628504,413.3009948730469
Q2-009,3001.4668110104394,70.4189806864435,0,109.2717380948257,23.044446188681384,413.3009948730469
Q2-009,3021.328735415439,71.40501466356204,0,109.27005193773468,23.04296415773426,413.3009948730469
Q2-009,3041.190659820439,72.39104864068061,0,109.26836578064366,23.04148212678714,413.3009948730469
Q2-009,3061.052584225439,73.37708261779916,0,109.26667962355263,23.040000095840018,413.3009948730469
Q2-009,3080.914508630439,74.3631165949177,0,109.26499346646162,23.038518064892898,413.3009948730469
Q2-009,3100.776433035439,75.34915057203625,0,109.2633073093706,23.037036033945775,413.3009948730469
Q2-009,3120.638357440439,76.3351845491548,0,109.26162115227957,23.035554002998655,413.3009948730469
Q2-009,3140.5002818454386,77.32121852627334,0,109.25993499518856,23.03407197205153,413.3009948730469
Q2-009,3160.3622062504387,78.30725250339191,1,109.25824883809753,23.032589941104412,413.3009948730469
Q2-009,3180.224130655439,79.29328648051046,1,109.25656268100651,23.03110791015729,413.3009948730469
Q2-009,3200.0860550604384,80.279320457629,1,109.2548765239155,23.02962587921017,413.3009948730469
Q2-009,3219.9479794654385,81.26535443474755,1,109.25319036682447,23.02814384826305,413.3009948730469
Q2-009,3239.8099038704386,82.25138841186612,1,109.25150420973345,23.026661817315926,413.3009948730469
Q2-009,3259.671828275438,83.23742238898464,1,109.24981805264244,23.025179786368806,413.3009948730469
Q2-009,3279.5337526804383,84.2234563661032,1,109.24813189555141,23.023697755421683,413.3009948730469
Q2-009,3299.395677085438,85.20949034322174,1,109.2464457384604,23.022215724474563,413.3009948730469
Q2-009,3319.257601490438,86.19552432034031,1,109.24475958136938,23.02073369352744,413.3009948730469
Q2-009,3339.119525895438,87.18155829745885,1,109.24307342427835,23.01925166258032,413.3009948730469
Q2-009,3358.981450300438,88.16759227457742,1,109.24138726718733,23.017769631633197,413.3009948730469
Q2-009,3378.843374705438,89.15362625169595,1,109.2397011100963,23.016287600686077,413.3009948730469
Q2-009,3398.7052991104374,90.13966022881448,1,109.23801495300529,23.014805569738954,413.3009948730469
Q2-009,3418.5672235154375,91.12569420593304,1,109.23632879591428,23.013323538791834,413.3009948730469
Q2-009,3438.4291479204376,92.11172818305161,1,109.23464263882325,23.01184150784471,413.3009948730469
Q2-009,3458.291072325437,93.09776216017015,1,109.23295648173223,23.01035947689759,413.3009948730469
Q2-009,3478.1529967304373,94.08379613728869,1,109.23127032464122,23.008877445950468,413.3009948730469
Q2-009,3498.0149211354374,95.06983011440725,1,109.2308517,23.0085095,375.9740550624988
Q2-009,3517.876845540437,96.05586409152579,1,109.2308517,23.0085095,326.3192440499997
Q2-009,3537.738769945437,97.04189806864434,1,109.2308517,23.0085095,276.6644330374995
Q2-009,3557.600694350437,98.02793204576291,1,109.2308517,23.0085095,227.00962202499932
Q2-009,3577.462618755437,99.01396602288145,1,109.2308517,23.0085095,177.35481101250025
Q2-009,3597.324543160437,100.0,1,109.2308517,23.0085095,127.70000000000005
Q2-012,2042.0,0.0,1,109.2308517,23.0085095,127.7
Q2-012,2061.7198773433693,1.2114342783259975,1,109.2308517,23.0085095,176.99969335842314
Q2-012,2081.439754686739,2.422868556652023,1,109.2308517,23.0085095,226.29938671684744
Q2-012,2101.1596320301082,3.63430283497802,1,109.2308517,23.0085095,275.5990800752706
Q2-012,2120.8795093734775,4.8457371133040175,1,109.23120926135522,23.00930745758991,308.9542541503906
Q2-012,2140.599386716847,6.057171391630043,1,109.23231482401631,23.011774704409742,308.9542541503906
Q2-012,2160.3192640602165,7.26860566995604,1,109.23342038667741,23.014241951229575,308.9542541503906
Q2-012,2180.0391414035857,8.480039948282037,1,109.23452594933852,23.016709198049412,308.9542541503906
Q2-012,2199.7590187469555,9.691474226608063,1,109.23563151199961,23.019176444869245,308.9542541503906
Q2-012,2219.4788960903247,10.902908504934059,1,109.23673707466071,23.021643691689082,308.9542541503906
Q2-012,2239.198773433694,12.114342783260058,1,109.2378426373218,23.024110938508915,308.9542541503906
Q2-012,2258.9186507770637,13.325777061586082,1,109.23894819998291,23.026578185328752,308.9542541503906
Q2-012,2278.638528120433,14.53721133991208,1,109.24005376264401,23.029045432148585,308.9542541503906
Q2-012,2298.3584054638022,15.748645618238077,1,109.2411593253051,23.03151267896842,308.9542541503906
Q2-012,2318.0782828071715,16.960079896564075,1,109.24226488796621,23.033979925788255,308.9542541503906
Q2-012,2337.798160150541,18.171514174890103,1,109.24337045062731,23.03644717260809,308.9542541503906
Q2-012,2357.5180374939105,19.3829484532161,1,109.2444760132884,23.038914419427925,308.9542541503906
Q2-012,2377.23791483728,20.594382731542122,1,109.2455815759495,23.04138166624776,308.9542541503906
Q2-012,2396.9577921806494,21.805817009868118,0,109.24668713861061,23.043848913067595,308.9542541503906
Q2-012,2416.6776695240187,23.017251288194117,0,109.2477927012717,23.04631615988743,308.9542541503906
Q2-012,2436.397546867388,24.228685566520117,0,109.2488982639328,23.048783406707262,308.9542541503906
Q2-012,2456.1174242107577,25.44011984484614,0,109.25000382659391,23.0512506535271,308.9542541503906
Q2-012,2475.837301554127,26.65155412317214,0,109.251109389255,23.053717900346932,308.9542541503906
Q2-012,2495.557178897496,27.862988401498136,0,109.2522149519161,23.05618514716677,308.9542541503906
Q2-012,2515.277056240866,29.07442267982416,0,109.2533205145772,23.058652393986602,308.9542541503906
Q2-012,2534.996933584235,30.285856958150163,0,109.2544260772383,23.06111964080644,308.9542541503906
Q2-012,2554.7168109276045,31.497291236476155,0,109.2555316398994,23.063586887626272,308.9542541503906
Q2-012,2574.4366882709737,32.708725514802154,0,109.2566372025605,23.066054134446105,308.9542541503906
Q2-012,2594.1565656143434,33.92015979312818,0,109.25774276522161,23.068521381265942,308.9542541503906
Q2-012,2613.876442957713,35.1315940714542,0,109.2585519,23.0703271,298.37950937347716
Q2-012,2633.5963203010824,36.343028349780205,0,109.2585519,23.0703271,258.93975468673875
Q2-012,2653.3161976444517,37.5544626281062,0,109.2585519,23.0703271,219.50000000000023
Q2-012,2673.116197644452,38.770819012742656,0,109.2585519,23.0703271,219.5
Q2-012,2692.9161976444516,39.98717539737908,0,109.2585519,23.0703271,219.5
Q2-012,2712.7161976444518,41.20353178201553,0,109.2585519,23.0703271,219.5
Q2-012,2732.5161976444515,42.41988816665196,0,109.2585519,23.0703271,219.5
Q2-012,2752.3161976444517,43.63624455128842,0,109.2585519,23.0703271,219.5
Q2-012,2772.116197644452,44.852600935924876,0,109.2585519,23.0703271,219.5
Q2-012,2791.9161976444516,46.068957320561296,0,109.2585519,23.0703271,219.5
Q2-012,2811.7161976444518,47.28531370519775,0,109.2585519,23.0703271,219.5
Q2-012,2831.5161976444515,48.50167008983418,0,109.2585519,23.0703271,219.5
Q2-012,2851.3161976444517,49.71802647447064,0,109.2585519,23.0703271,219.5
Q2-012,2871.116197644452,50.93438285910709,0,109.2585519,23.0703271,219.5
Q2-012,2890.9161976444516,52.150739243743516,0,109.2585519,23.0703271,219.5
Q2-012,2910.7161976444518,53.36709562837997,0,109.2585519,23.0703271,219.5
Q2-012,2930.5161976444515,54.58345201301639,0,109.2585519,23.0703271,219.5
Q2-012,2950.3161976444517,55.79980839765285,0,109.2585519,23.0703271,219.5
Q2-012,2970.116197644452,57.01616478228931,0,109.2585519,23.0703271,219.5
Q2-012,2989.9161976444516,58.232521166925736,0,109.2585519,23.0703271,219.5
Q2-012,3009.7161976444518,59.448877551562184,0,109.2585519,23.0703271,219.5
Q2-012,3029.5161976444515,60.66523393619861,0,109.2585519,23.0703271,219.5
Q2-012,3049.3161976444517,61.88159032083507,0,109.2585519,23.0703271,219.5
Q2-012,3068.7067038208406,63.07279062330896,0,109.2585519,23.0703271,267.9762654409724
Q2-012,3088.09720999723,64.26399092578289,0,109.25838374855296,23.0699518420996,308.9542541503906
Q2-012,3107.487716173619,65.45519122825678,0,109.25729665154748,23.06752580445922,308.9542541503906
Q2-012,3126.8782223500084,66.6463915307307,0,109.256209554542,23.06509976681884,308.9542541503906
Q2-012,3146.2687285263974,67.83759183320458,0,109.25512245753652,23.06267372917846,308.9542541503906
Q2-012,3165.6592347027863,69.02879213567849,0,109.25403536053103,23.06024769153808,308.9542541503906
Q2-012,3185.0497408791757,70.2199924381524,0,109.25294826352555,23.0578216538977,308.9542541503906
Q2-012,3204.4402470555647,71.4111927406263,0,109.25186116652007,23.05539561625732,308.9542541503906
Q2-012,3223.8307532319536,72.6023930431002,0,109.25077406951459,23.052969578616942,308.9542541503906
Q2-012,3243.221259408343,73.79359334557411,0,109.24968697250911,23.050543540976562,308.9542541503906
Q2-012,3262.611765584732,74.98479364804801,0,109.24859987550363,23.048117503336183,308.9542541503906
Q2-012,3282.002271761121,76.1759939505219,0,109.24751277849815,23.045691465695803,308.9542541503906
Q2-012,3301.3927779375103,77.36719425299583,0,109.24642568149267,23.043265428055424,308.9542541503906
Q2-012,3320.7832841138993,78.55839455546972,1,109.24533858448719,23.040839390415044,308.9542541503906
Q2-012,3340.1737902902887,79.74959485794365,1,109.2442514874817,23.038413352774665,308.9542541503906
Q2-012,3359.5642964666777,80.94079516041754,1,109.24316439047622,23.035987315134285,308.9542541503906
Q2-012,3378.9548026430666,82.13199546289142,1,109.24207729347074,23.033561277493906,308.9542541503906
Q2-012,3398.345308819456,83.32319576536534,1,109.24099019646526,23.031135239853526,308.9542541503906
Q2-012,3417.735814995845,84.51439606783923,1,109.23990309945978,23.028709202213147,308.9542541503906
Q2-012,3437.1263211722344,85.70559637031316,1,109.2388160024543,23.026283164572767,308.9542541503906
Q2-012,3456.5168273486233,86.89679667278705,1,109.23772890544882,23.023857126932388,308.9542541503906
Q2-012,3475.9073335250123,88.08799697526095,1,109.23664180844334,23.021431089292008,308.9542541503906
Q2-012,3495.2978397014017,89.27919727773488,1,109.23555471143786,23.019005051651625,308.9542541503906
Q2-012,3514.6883458777907,90.47039758020877,1,109.23446761443238,23.016579014011246,308.9542541503906
Q2-012,3534.0788520541796,91.66159788268266,1,109.2333805174269,23.014152976370866,308.9542541503906
Q2-012,3553.469358230569,92.85279818515659,1,109.23229342042141,23.011726938730487,308.9542541503906
Q2-012,3572.859864406958,94.04399848763047,1,109.23120632341593,23.009300901090107,308.9542541503906
Q2-012,3592.250370583347,95.23519879010436,1,109.2308517,23.0085095,282.82404941111304
Q2-012,3611.6408767597363,96.4263990925783,1,109.2308517,23.0085095,244.04303705833422
Q2-012,3631.0313829361253,97.61759939505218,1,109.2308517,23.0085095,205.2620247055563
Q2-012,3650.4218891125147,98.8087996975261,1,109.2308517,23.0085095,166.4810123527775
Q2-012,3669.8123952889036,99.99999999999999,1,109.2308517,23.0085095,127.7
Q2-013,2049.0,0.0,1,109.2308517,23.0085095,127.7
Q2-013,2068.8280277087038,1.2062766553243909,1,109.2308517,23.0085095,187.18408312611126
Q2-013,2088.656055417407,2.4125533106487542,1,109.2308517,23.0085095,246.66816625222117
Q2-013,2108.484083126111,3.618829965973145,1,109.2308517,23.0085095,306.15224937833244
Q2-013,2128.312110834814,4.8251066212975084,1,109.2316991101306,23.010400636543775,308.9542541503906
Q2-013,2148.140138543518,6.031383276621899,1,109.23258841087812,23.01238525896129,308.9542541503906
Q2-013,2167.9681662522216,7.23765993194629,1,109.23347771162564,23.01436988137881,308.9542541503906
Q2-013,2187.796193960925,8.443936587270652,1,109.23436701237316,23.01635450379632,308.9542541503906
Q2-013,2207.6242216696287,9.650213242595044,1,109.23525631312067,23.01833912621384,308.9542541503906
Q2-013,2227.452249378332,10.856489897919406,1,109.23614561386819,23.020323748631355,308.9542541503906
Q2-013,2247.2802770870358,12.062766553243797,1,109.2370349146157,23.022308371048872,308.9542541503906
Q2-013,2267.108304795739,13.269043208568162,1,109.23792421536322,23.024292993466386,308.9542541503906
Q2-013,2286.936332504443,14.475319863892553,1,109.23881351611074,23.026277615883902,308.9542541503906
Q2-013,2306.7643602131466,15.681596519216942,1,109.23970281685826,23.02826223830142,308.9542541503906
Q2-013,2326.59238792185,16.887873174541305,1,109.24059211760577,23.030246860718936,308.9542541503906
Q2-013,2346.4204156305536,18.094149829865696,1,109.24148141835329,23.03223148313645,308.9542541503906
Q2-013,2366.248443339257,19.30042648519006,1,109.2423707191008,23.034216105553966,308.9542541503906
Q2-013,2386.0764710479607,20.50670314051445,1,109.24326001984832,23.036200727971483,308.9542541503906
Q2-013,2405.904498756664,21.712979795838812,1,109.24414932059584,23.038185350389,308.9542541503906
Q2-013,2425.7325264653678,22.919256451163207,1,109.24503862134335,23.040169972806513,308.9542541503906
Q2-013,2445.5605541740715,24.125533106487595,0,109.24592792209087,23.04215459522403,308.9542541503906
Q2-013,2465.388581882775,25.331809761811957,0,109.24681722283839,23.044139217641547,308.9542541503906
Q2-013,2485.2166095914786,26.53808641713635,0,109.2477065235859,23.046123840059064,308.9542541503906
Q2-013,2505.044637300182,27.74436307246071,0,109.24859582433342,23.048108462476577,308.9542541503906
Q2-013,2524.8726650088856,28.950639727785106,0,109.24948512508094,23.050093084894094,308.9542541503906
Q2-013,2544.7006927175894,30.156916383109497,0,109.25037442582845,23.05207770731161,308.9542541503906
Q2-013,2564.5287204262927,31.36319303843386,0,109.25126372657597,23.054062329729128,308.9542541503906
Q2-013,2584.3567481349965,32.56946969375825,0,109.25215302732349,23.05604695214664,308.9542541503906
Q2-013,2604.1847758436998,33.77574634908261,0,109.253042328071,23.058031574564158,308.9542541503906
Q2-013,2624.0128035524035,34.982023004407004,0,109.25393162881852,23.060016196981675,308.9542541503906
Q2-013,2643.8408312611073,36.18829965973139,0,109.25482092956604,23.06200081939919,308.9542541503906
Q2-013,2663.6688589698106,37.39457631505575,0,109.25571023031355,23.063985441816705,308.9542541503906
Q2-013,2683.4968866785143,38.600852970380146,0,109.25659953106107,23.06597006423422,308.9542541503906
Q2-013,2703.3249143872176,39.80712962570451,0,109.25748883180859,23.06795468665174,308.9542541503906
Q2-013,2723.1529420959214,41.0134062810289,0,109.2583781325561,23.069939309069255,308.9542541503906
Q2-013,2742.9809698046247,42.21968293635326,0,109.2585519,23.0703271,269.07006927175905
Q2-013,2762.8089975133284,43.42595959167766,0,109.2585519,23.0703271,219.5
Q2-013,2781.8999066042375,44.587392201294946,0,109.2585519,23.0703271,219.5
Q2-013,2800.9908156951465,45.74882481091223,0,109.2585519,23.0703271,219.5
Q2-013,2820.081724786056,46.91025742052955,0,109.2585519,23.0703271,219.5
Q2-013,2839.172633876965,48.07169003014684,0,109.2585519,23.0703271,219.5
Q2-013,2858.263542967874,49.23312263976413,0,109.2585519,23.0703271,219.5
Q2-013,2877.354452058783,50.39455524938142,0,109.2585519,23.0703271,219.5
Q2-013,2896.445361149692,51.55598785899871,0,109.2585519,23.0703271,219.5
Q2-013,2915.536270240601,52.717420468616,0,109.2585519,23.0703271,219.5
Q2-013,2934.6271793315104,53.87885307823331,0,109.2585519,23.0703271,219.5
Q2-013,2953.7180884224194,55.0402856878506,0,109.2585519,23.0703271,219.5
Q2-013,2972.8089975133284,56.2017182974679,0,109.2585519,23.0703271,219.5
Q2-013,2992.807025222032,57.418337233649325,0,109.2585519,23.0703271,279.4940831261101
Q2-013,3012.8050529307357,58.634956169830794,0,109.25809541097925,23.069308368882915,308.9542541503906
Q2-013,3032.803080639439,59.85157510601223,0,109.25719848561423,23.067306730864257,308.9542541503906
Q2-013,3052.801108348143,61.068194042193696,0,109.25630156024921,23.065305092845595,308.9542541503906
Q2-013,3072.7991360568462,62.28481297837512,0,109.25540463488419,23.063303454826933,308.9542541503906
Q2-013,3092.79716376555,63.50143191455659,0,109.25450770951917,23.061301816808275,308.9542541503906
Q2-013,3112.7951914742534,64.71805085073802,0,109.25361078415416,23.059300178789613,308.9542541503906
Q2-013,3132.793219182957,65.93466978691946,0,109.25271385878914,23.05729854077095,308.9542541503906
Q2-013,3152.7912468916606,67.15128872310093,0,109.25181693342412,23.055296902752293,308.9542541503906
Q2-013,3172.789274600364,68.36790765928237,0,109.25092000805911,23.05329526473363,308.9542541503906
Q2-013,3192.787302309068,69.58452659546383,0,109.25002308269409,23.05129362671497,308.9542541503906
Q2-013,3212.7853300177712,70.80114553164526,0,109.24912615732907,23.04929198869631,308.9542541503906
Q2-013,3232.7833577264746,72.0177644678267,0,109.24822923196406,23.04729035067765,308.9542541503906
Q2-013,3252.7813854351784,73.23438340400816,0,109.24733230659903,23.045288712658987,308.9542541503906
Q2-013,3272.779413143882,74.4510023401896,0,109.24643538123402,23.04328707464033,308.9542541503906
Q2-013,3292.7774408525856,75.66762127637107,1,109.245538455869,23.041285436621667,308.9542541503906
Q2-013,3312.775468561289,76.8842402125525,1,109.24464153050398,23.039283798603005,308.9542541503906
Q2-013,3332.7734962699924,78.10085914873393,1,109.24374460513897,23.037282160584347,308.9542541503906
Q2-013,3352.771523978696,79.3174780849154,1,109.24284767977394,23.035280522565685,308.9542541503906
Q2-013,3372.7695516873996,80.53409702109683,1,109.24195075440893,23.033278884547023,308.9542541503906
Q2-013,3392.7675793961034,81.75071595727829,1,109.24105382904392,23.031277246528365,308.9542541503906
Q2-013,3412.765607104807,82.96733489345972,1,109.2401569036789,23.029275608509703,308.9542541503906
Q2-013,3432.76363481351,84.18395382964117,1,109.23925997831388,23.02727397049104,308.9542541503906
Q2-013,3452.761662522214,85.40057276582262,1,109.23836305294887,23.025272332472383,308.9542541503906
Q2-013,3472.759690230918,86.61719170200409,1,109.23746612758384,23.02327069445372,308.9542541503906
Q2-013,3492.757717939621,87.83381063818553,1,109.23656920221883,23.02126905643506,308.9542541503906
Q2-013,3512.7557456483246,89.05042957436697,1,109.2356722768538,23.0192674184164,308.9542541503906
Q2-013,3532.753773357028,90.2670485105484,1,109.23477535148879,23.01726578039774,308.9542541503906
Q2-013,3552.751801065732,91.48366744672987,1,109.23387842612378,23.015264142379078,308.9542541503906
Q2-013,3572.7498287744356,92.70028638291133,1,109.23298150075875,23.01326250436042,308.9542541503906
Q2-013,3592.747856483139,93.91690531909276,1,109.23208457539374,23.011260866341757,308.9542541503906
Q2-013,3612.7458841918424,95.1335242552742,1,109.23118765002873,23.009259228323096,308.9542541503906
Q2-013,3632.743911900546,96.35014319145567,1,109.2308517,23.0085095,277.6852078152763
Q2-013,3652.7419396092496,97.56676212763709,1,109.2308517,23.0085095,227.6901385435179
Q2-013,3672.7399673179534,98.78338106381857,1,109.2308517,23.0085095,177.6950692717583
Q2-013,3692.737995026657,100.0,1,109.2308517,23.0085095,127.7
Q2-017,3523.0,0.0,1,109.2308517,23.0085095,127.7
Q2-017,3542.4453643193187,1.2371151142398173,1,109.2308517,23.0085095,186.0360929579562
Q2-017,3561.890728638638,2.4742302284796636,1,109.2308517,23.0085095,244.3721859159138
Q2-017,3581.3360929579567,3.711345342719481,1,109.2308517,23.0085095,302.70827887387003
Q2-017,3600.7814572772754,4.948460456959299,1,109.2308517,23.0085095,361.04437183182625
Q2-017,3620.226821596594,6.185575571199116,1,109.23033100859844,23.010551535226362,372.9093322753906
Q2-017,3639.6721859159134,7.422690685438962,1,109.22967737481848,23.013114940728723,372.9093322753906
Q2-017,3659.117550235232,8.65980579967878,1,109.22902374103853,23.015678346231088,372.9093322753906
Q2-017,3678.562914554551,9.896920913918597,1,109.22837010725857,23.018241751733452,372.9093322753906
Q2-017,3698.00827887387,11.134036028158443,1,109.22771647347862,23.020805157235817,372.9093322753906
Q2-017,3717.453643193189,12.37115114239826,1,109.22706283969866,23.02336856273818,372.9093322753906
Q2-017,3736.8990075125075,13.608266256638078,1,109.22640920591871,23.025931968240545,372.9093322753906
Q2-017,3756.3443718318267,14.845381370877924,1,109.22575557213875,23.02849537374291,372.9093322753906
Q2-017,3775.7897361511455,16.082496485117744,1,109.2251019383588,23.031058779245274,372.9093322753906
Q2-017,3795.235100470464,17.31961159935756,1,109.22444830457884,23.03362218474764,372.9093322753906
Q2-017,3814.680464789783,18.556726713597374,1,109.2237946707989,23.03618559025,372.9093322753906
Q2-017,3834.125829109102,19.793841827837223,1,109.22314103701893,23.038748995752364,372.9093322753906
Q2-017,3853.571193428421,21.03095694207704,1,109.22248740323899,23.04131240125473,372.9093322753906
Q2-017,3873.0165577477396,22.26807205631686,1,109.22183376945902,23.043875806757093,372.9093322753906
Q2-017,3892.461922067059,23.505187170556706,1,109.22118013567908,23.046439212259457,372.9093322753906
Q2-017,3911.9072863863776,24.74230228479652,0,109.22052650189912,23.049002617761822,372.9093322753906
Q2-017,3931.3526507056963,25.979417399036336,0,109.21987286811917,23.051566023264186,372.9093322753906
Q2-017,3950.798015025015,27.216532513276157,0,109.2192192343392,23.05412942876655,372.9093322753906
Q2-017,3970.2433793443342,28.453647627516002,0,109.21856560055926,23.05669283426891,372.9093322753906
Q2-017,3989.688743663653,29.690762741755822,0,109.2179119667793,23.059256239771276,372.9093322753906
Q2-017,4009.1341079829717,30.92787785599564,0,109.21725833299935,23.06181964527364,372.9093322753906
Q2-017,4028.579472302291,32.16499297023549,0,109.21660469921939,23.064383050776005,372.9093322753906
Q2-017,4048.0248366216097,33.4021080844753,0,109.21595106543944,23.06694645627837,372.9093322753906
Q2-017,4067.4702009409284,34.63922319871512,0,109.21529743165948,23.069509861780734,372.9093322753906
Q2-017,4086.9155652602476,35.876338312954964,0,109.21464379787953,23.0720732672831,372.9093322753906
Q2-017,4106.360929579566,37.11345342719475,0,109.21399016409957,23.074636672785463,372.9093322753906
Q2-017,4125.806293898885,38.3505685414346,0,109.21333653031962,23.077200078287824,372.9093322753906
Q2-017,4145.251658218204,39.58768365567445,0,109.2127472,23.0795113,368.1268215965941
Q2-017,4164.697022537523,40.82479876991423,0,109.2127472,23.0795113,319.51341079829837
Q2-017,4184.142386856842,42.06191388415408,0,109.2127472,23.0795113,270.9000000000004
Q2-017,4204.142386856842,43.33431494995541,0,109.2127472,23.0795113,270.9
Q2-017,4224.142386856842,44.606716015756746,0,109.2127472,23.0795113,270.9
Q2-017,4244.142386856842,45.87911708155808,0,109.2127472,23.0795113,270.9
Q2-017,4264.142386856842,47.151518147359404,0,109.2127472,23.0795113,270.9
Q2-017,4284.142386856842,48.42391921316074,0,109.2127472,23.0795113,270.9
Q2-017,4304.142386856842,49.69632027896207,0,109.2127472,23.0795113,270.9
Q2-017,4324.142386856842,50.9687213447634,0,109.2127472,23.0795113,270.9
Q2-017,4344.142386856842,52.241122410564735,0,109.2127472,23.0795113,270.9
Q2-017,4364.142386856842,53.51352347636606,0,109.2127472,23.0795113,270.9
Q2-017,4384.142386856842,54.78592454216739,0,109.2127472,23.0795113,270.9
Q2-017,4404.142386856842,56.058325607968726,0,109.2127472,23.0795113,270.9
Q2-017,4424.142386856842,57.33072667377006,0,109.2127472,23.0795113,270.9
Q2-017,4443.868535489886,58.58570530101211,0,109.2127472,23.0795113,330.07844589913327
Q2-017,4463.594684122931,59.84068392825418,0,109.21293036819968,23.078792955285667,372.9093322753906
Q2-017,4483.320832755975,61.09566255549625,0,109.21359344022463,23.076192535097285,372.9093322753906
Q2-017,4503.0469813890195,62.3506411827383,0,109.21425651224956,23.073592114908905,372.9093322753906
Q2-017,4522.773130022064,63.605619809980354,0,109.21491958427451,23.070991694720522,372.9093322753906
Q2-017,4542.499278655108,64.86059843722242,0,109.21558265629946,23.06839127453214,372.9093322753906
Q2-017,4562.225427288153,66.11557706446449,0,109.2162457283244,23.06579085434376,372.9093322753906
Q2-017,4581.951575921197,67.37055569170654,0,109.21690880034934,23.063190434155377,372.9093322753906
Q2-017,4601.677724554241,68.62553431894854,0,109.21757187237428,23.060590013966994,372.9093322753906
Q2-017,4621.403873187285,69.8805129461906,0,109.21823494439923,23.05798959377861,372.9093322753906
Q2-017,4641.13002182033,71.13549157343266,0,109.21889801642416,23.055389173590232,372.9093322753906
Q2-017,4660.856170453374,72.39047020067473,0,109.21956108844911,23.05278875340185,372.9093322753906
Q2-017,4680.5823190864185,73.64544882791678,0,109.22022416047405,23.050188333213466,372.9093322753906
Q2-017,4700.308467719463,74.90042745515885,0,109.220887232499,23.047587913025087,372.9093322753906
Q2-017,4720.034616352507,76.1554060824009,1,109.22155030452394,23.044987492836704,372.9093322753906
Q2-017,4739.760764985552,77.41038470964297,1,109.22221337654888,23.04238707264832,372.9093322753906
Q2-017,4759.486913618596,78.66536333688502,1,109.22287644857383,23.03978665245994,372.9093322753906
Q2-017,4779.213062251641,79.92034196412709,1,109.22353952059876,23.03718623227156,372.9093322753906
Q2-017,4798.939210884685,81.17532059136914,1,109.22420259262371,23.034585812083176,372.9093322753906
Q2-017,4818.6653595177295,82.43029921861121,1,109.22486566464865,23.031985391894796,372.9093322753906
Q2-017,4838.391508150774,83.68527784585326,1,109.2255287366736,23.029384971706413,372.9093322753906
Q2-017,4858.117656783818,84.94025647309533,1,109.22619180869854,23.02678455151803,372.9093322753906
Q2-017,4877.843805416863,86.1952351003374,1,109.22685488072348,23.024184131329648,372.9093322753906
Q2-017,4897.569954049907,87.45021372757945,1,109.22751795274843,23.02158371114127,372.9093322753906
Q2-017,4917.296102682951,88.70519235482145,1,109.22818102477336,23.018983290952885,372.9093322753906
Q2-017,4937.022251315995,89.96017098206352,1,109.22884409679831,23.016382870764502,372.9093322753906
Q2-017,4956.74839994904,91.21514960930557,1,109.22950716882325,23.013782450576123,372.9093322753906
Q2-017,4976.474548582084,92.47012823654764,1,109.2301702408482,23.01118203038774,372.9093322753906
Q2-017,4996.2006972151285,93.72510686378969,1,109.23083331287313,23.008581610199357,372.9093322753906
Q2-017,5015.926845848173,94.98008549103176,1,109.2308517,23.0085095,324.9614863304436
Q2-017,5035.652994481217,96.23506411827383,1,109.2308517,23.0085095,275.64611474783254
Q2-017,5055.379143114262,97.49004274551588,1,109.2308517,23.0085095,226.33074316522146
Q2-017,5075.105291747306,98.74502137275793,1,109.2308517,23.0085095,177.01537158261038
Q2-017,5094.831440380351,100.0,1,109.2308517,23.0085095,127.7
Q2-015,2405.0,0.0,1,109.2308517,23.0085095,127.7
Q2-015,2424.601924405,1.1206926598445135,1,109.2308517,23.0085095,186.50577321499958
Q2-015,2444.2038488099997,2.241385319689027,1,109.2308517,23.0085095,245.31154642999917
Q2-015,2463.8057732149996,3.3620779795335407,1,109.2308517,23.0085095,304.11731964499876
Q2-015,2483.4076976199995,4.482770639378054,1,109.2308517,23.0085095,362.92309285999835
Q2-015,2503.0096220249998,5.603463299222594,1,109.23109019174095,23.008719119935527,413.3009948730469
Q2-015,2522.6115464299996,6.724155959067107,1,109.23275427640662,23.010181750544675,413.3009948730469
Q2-015,2542.2134708349995,7.84484861891162,1,109.23441836107229,23.011644381153822,413.3009948730469
Q2-015,2561.8153952399994,8.965541278756135,1,109.23608244573796,23.013107011762973,413.3009948730469
Q2-015,2581.417319644999,10.086233938600648,1,109.23774653040364,23.01456964237212,413.3009948730469
Q2-015,2601.019244049999,11.206926598445163,1,109.23941061506932,23.016032272981267,413.3009948730469
Q2-015,2620.621168454999,12.327619258289674,1,109.24107469973498,23.017494903590418,413.3009948730469
Q2-015,2640.2230928599993,13.448311918134214,1,109.24273878440066,23.018957534199565,413.3009948730469
Q2-015,2659.825017264999,14.569004577978728,1,109.24440286906633,23.020420164808712,413.3009948730469
Q2-015,2679.426941669999,15.68969723782324,1,109.24606695373201,23.021882795417863,413.3009948730469
Q2-015,2699.028866074999,16.810389897667758,1,109.24773103839769,23.02334542602701,413.3009948730469
Q2-015,2718.6307904799987,17.93108255751227,1,109.24939512306335,23.024808056636157,413.3009948730469
Q2-015,2738.2327148849986,19.05177521735678,1,109.25105920772903,23.026270687245308,413.3009948730469
Q2-015,2757.8346392899984,20.172467877201296,1,109.2527232923947,23.027733317854455,413.3009948730469
Q2-015,2777.4365636949983,21.29316053704581,1,109.25438737706038,23.029195948463602,413.3009948730469
Q2-015,2797.0384880999986,22.41385319689035,1,109.25605146172606,23.030658579072753,413.3009948730469
Q2-015,2816.6404125049985,23.534545856734866,1,109.25771554639172,23.0321212096819,413.3009948730469
Q2-015,2836.2423369099984,24.655238516579374,0,109.2593796310574,23.033583840291048,413.3009948730469
Q2-015,2855.844261314998,25.77593117642389,0,109.26104371572308,23.0350464709002,413.3009948730469
Q2-015,2875.446185719998,26.896623836268404,0,109.26270780038875,23.036509101509345,413.3009948730469
Q2-015,2895.048110124998,28.017316496112915,0,109.26437188505442,23.037971732118493,413.3009948730469
Q2-015,2914.650034529998,29.13800915595743,0,109.2660359697201,23.039434362727643,413.3009948730469
Q2-015,2934.2519589349977,30.258701815801942,0,109.26770005438577,23.04089699333679,413.3009948730469
Q2-015,2953.853883339998,31.37939447564648,0,109.26936413905145,23.042359623945938,413.3009948730469
Q2-015,2973.455807744998,32.500087135491,0,109.27102822371712,23.04382225455509,413.3009948730469
Q2-015,2993.0577321499977,33.620779795335515,0,109.27269230838279,23.045284885164236,413.3009948730469
Q2-015,3012.6596565549976,34.74147245518002,0,109.27435639304846,23.046747515773383,413.3009948730469
Q2-015,3032.2615809599974,35.86216511502454,0,109.27602047771414,23.048210146382534,413.3009948730469
Q2-015,3051.8635053649973,36.98285777486905,0,109.27768456237982,23.04967277699168,413.3009948730469
Q2-015,3071.465429769997,38.10355043471356,0,109.2793486470455,23.051135407600828,413.3009948730469
Q2-015,3091.0673541749975,39.224243094558105,0,109.28101273171116,23.05259803820998,413.3009948730469
Q2-015,3110.669278579997,40.34493575440259,0,109.28267681637683,23.054060668819126,413.3009948730469
Q2-015,3130.271202984997,41.46562841424713,0,109.2831357,23.054464,377.8096220249997
Q2-015,3149.873127389997,42.58632107409164,0,109.2831357,23.054464,328.80481101250007
Q2-015,3169.475051794997,43.70701373393616,0,109.2831357,23.054464,279.8000000000004
Q2-015,3188.565960885906,44.798490328065014,0,109.2831357,23.054464,279.8
Q2-015,3207.656869976815,45.88996692219388,0,109.2831357,23.054464,279.8
Q2-015,3226.7477790677244,46.98144351632276,0,109.2831357,23.054464,279.8
Q2-015,3245.8386881586334,48.07292011045162,0,109.2831357,23.054464,279.8
Q2-015,3264.9295972495424,49.16439670458048,0,109.2831357,23.054464,279.8
Q2-015,3284.0205063404514,50.25587329870934,0,109.2831357,23.054464,279.8
Q2-015,3303.1114154313605,51.3473498928382,0,109.2831357,23.054464,279.8
Q2-015,3322.2023245222695,52.43882648696706,0,109.2831357,23.054464,279.8
Q2-015,3341.293233613179,53.530303081095944,0,109.2831357,23.054464,279.8
Q2-015,3360.384142704088,54.62177967522481,0,109.2831357,23.054464,279.8
Q2-015,3379.475051794997,55.713256269353664,0,109.2831357,23.054464,279.8
Q2-015,3399.336976199997,56.84881380090871,0,109.2831357,23.054464,339.38577321500026
Q2-015,3419.1989006049967,57.98437133246372,0,109.2831357,23.054464,398.97154642999914
Q2-015,3439.0608250099967,59.11992886401877,0,109.28185503737183,23.053338374364113,413.3009948730469
Q2-015,3458.922749414997,60.25548639557381,0,109.2801688802808,23.05185634341699,413.3009948730469
Q2-015,3478.7846738199964,61.39104392712882,0,109.27848272318978,23.05037431246987,413.3009948730469
Q2-015,3498.6465982249965,62.52660145868387,0,109.27679656609877,23.048892281522747,413.3009948730469
Q2-015,3518.5085226299966,63.662158990238915,0,109.27511040900774,23.047410250575627,413.3009948730469
Q2-015,3538.3704470349962,64.79771652179393,0,109.27342425191672,23.045928219628504,413.3009948730469
Q2-015,3558.2323714399963,65.93327405334898,0,109.2717380948257,23.044446188681384,413.3009948730469
Q2-015,3578.0942958449964,67.06883158490402,0,109.27005193773468,23.04296415773426,413.3009948730469
Q2-015,3597.956220249996,68.20438911645903,0,109.26836578064366,23.04148212678714,413.3009948730469
Q2-015,3617.818144654996,69.33994664801408,0,109.26667962355263,23.040000095840018,413.3009948730469
Q2-015,3637.680069059996,70.47550417956911,0,109.26499346646162,23.038518064892898,413.3009948730469
Q2-015,3657.541993464996,71.61106171112414,0,109.2633073093706,23.037036033945775,413.3009948730469
Q2-015,3677.403917869996,72.74661924267917,0,109.26162115227957,23.035554002998655,413.3009948730469
Q2-015,3697.265842274996,73.88217677423422,0,109.25993499518856,23.03407197205153,413.3009948730469
Q2-015,3717.1277666799956,75.01773430578925,1,109.25824883809753,23.032589941104412,413.3009948730469
Q2-015,3736.9896910849957,76.15329183734427,1,109.25656268100651,23.03110791015729,413.3009948730469
Q2-015,3756.8516154899958,77.28884936889932,1,109.2548765239155,23.02962587921017,413.3009948730469
Q2-015,3776.7135398949954,78.42440690045434,1,109.25319036682447,23.02814384826305,413.3009948730469
Q2-015,3796.5754642999955,79.55996443200938,1,109.25150420973345,23.026661817315926,413.3009948730469
Q2-015,3816.4373887049956,80.69552196356443,1,109.24981805264244,23.025179786368806,413.3009948730469
Q2-015,3836.299313109995,81.83107949511945,1,109.24813189555141,23.023697755421683,413.3009948730469
Q2-015,3856.1612375149953,82.96663702667448,1,109.2464457384604,23.022215724474563,413.3009948730469
Q2-015,3876.0231619199953,84.10219455822953,1,109.24475958136938,23.02073369352744,413.3009948730469
Q2-015,3895.885086324995,85.23775208978454,1,109.24307342427835,23.01925166258032,413.3009948730469
Q2-015,3915.747010729995,86.37330962133959,1,109.24138726718733,23.017769631633197,413.3009948730469
Q2-015,3935.608935134995,87.50886715289464,1,109.2397011100963,23.016287600686077,413.3009948730469
Q2-015,3955.4708595399948,88.64442468444966,1,109.23801495300529,23.014805569738954,413.3009948730469
Q2-015,3975.332783944995,89.77998221600468,1,109.23632879591428,23.013323538791834,413.3009948730469
Q2-015,3995.194708349995,90.91553974755973,1,109.23464263882325,23.01184150784471,413.3009948730469
Q2-015,4015.0566327549946,92.05109727911474,1,109.23295648173223,23.01035947689759,413.3009948730469
Q2-015,4034.9185571599946,93.1866548106698,1,109.23127032464122,23.008877445950468,413.3009948730469
Q2-015,4054.7804815649947,94.32221234222484,1,109.2308517,23.0085095,375.9740550624982
Q2-015,4074.6424059699943,95.45776987377985,1,109.2308517,23.0085095,326.31924404999916
Q2-015,4094.5043303749944,96.59332740533489,1,109.2308517,23.0085095,276.66443303749895
Q2-015,4114.366254779994,97.72888493688991,1,109.2308517,23.0085095,227.00962202499989
Q2-015,4134.228179184995,98.86444246844499,1,109.2308517,23.0085095,177.35481101249854
Q2-015,4154.090103589994,100.0,1,109.2308517,23.0085095,127.7
Q2-024,5455.0,0.0,1,109.2308517,23.0085095,127.7
Q2-024,5474.445364319319,1.2611861329356644,1,109.2308517,23.0085095,186.03609295795758
Q2-024,5493.8907286386375,2.5223722658712697,1,109.2308517,23.0085095,244.37218591591244
Q2-024,5513.336092957957,3.783558398806934,1,109.2308517,23.0085095,302.70827887387003
Q2-024,5532.781457277276,5.044744531742598,1,109.2308517,23.0085095,361.0443718318276
Q2-024,5552.226821596594,6.305930664678203,1,109.23033100859844,23.010551535226362,372.9093322753906
Q2-024,5571.672185915913,7.567116797613868,1,109.22967737481848,23.013114940728723,372.9093322753906
Q2-024,5591.117550235233,8.828302930549532,1,109.22902374103853,23.015678346231088,372.9093322753906
Q2-024,5610.562914554551,10.089489063485138,1,109.22837010725857,23.018241751733452,372.9093322753906
Q2-024,5630.00827887387,11.350675196420802,1,109.22771647347862,23.020805157235817,372.9093322753906
Q2-024,5649.453643193188,12.611861329356406,1,109.22706283969866,23.02336856273818,372.9093322753906
Q2-024,5668.8990075125075,13.873047462292071,1,109.22640920591871,23.025931968240545,372.9093322753906
Q2-024,5688.344371831827,15.134233595227736,1,109.22575557213875,23.02849537374291,372.9093322753906
Q2-024,5707.789736151145,16.39541972816334,1,109.2251019383588,23.031058779245274,372.9093322753906
Q2-024,5727.235100470464,17.656605861099006,1,109.22444830457884,23.03362218474764,372.9093322753906
Q2-024,5746.680464789783,18.91779199403467,1,109.2237946707989,23.03618559025,372.9093322753906
Q2-024,5766.125829109102,20.178978126970275,1,109.22314103701893,23.038748995752364,372.9093322753906
Q2-024,5785.571193428421,21.440164259905938,1,109.22248740323899,23.04131240125473,372.9093322753906
Q2-024,5805.01655774774,22.701350392841604,1,109.22183376945902,23.043875806757093,372.9093322753906
Q2-024,5824.461922067058,23.962536525777207,1,109.22118013567908,23.046439212259457,372.9093322753906
Q2-024,5843.907286386378,25.22372265871287,0,109.22052650189912,23.049002617761822,372.9093322753906
Q2-024,5863.352650705697,26.484908791648536,0,109.21987286811917,23.051566023264186,372.9093322753906
Q2-024,5882.798015025015,27.746094924584142,0,109.2192192343392,23.05412942876655,372.9093322753906
Q2-024,5902.243379344334,29.00728105751981,0,109.21856560055926,23.05669283426891,372.9093322753906
Q2-024,5921.688743663653,30.26846719045547,0,109.2179119667793,23.059256239771276,372.9093322753906
Q2-024,5941.134107982972,31.52965332339108,0,109.21725833299935,23.06181964527364,372.9093322753906
Q2-024,5960.579472302291,32.790839456326744,0,109.21660469921939,23.064383050776005,372.9093322753906
Q2-024,5980.024836621609,34.05202558926235,0,109.21595106543944,23.06694645627837,372.9093322753906
Q2-024,5999.470200940928,35.31321172219801,0,109.21529743165948,23.069509861780734,372.9093322753906
Q2-024,6018.915565260248,36.574397855133675,0,109.21464379787953,23.0720732672831,372.9093322753906
Q2-024,6038.360929579566,37.83558398806928,0,109.21399016409957,23.074636672785463,372.9093322753906
Q2-024,6057.806293898885,39.096770121004944,0,109.21333653031962,23.077200078287824,372.9093322753906
Q2-024,6077.251658218204,40.35795625394061,0,109.2127472,23.0795113,368.1268215965941
Q2-024,6096.697022537523,41.61914238687621,0,109.2127472,23.0795113,319.51341079829837
Q2-024,6116.142386856842,42.880328519811876,0,109.2127472,23.0795113,270.9000000000004
Q2-024,6135.233295947751,44.11852541935101,0,109.2127472,23.0795113,270.9
Q2-024,6154.32420503866,45.35672231889014,0,109.2127472,23.0795113,270.9
Q2-024,6173.415114129569,46.59491921842927,0,109.2127472,23.0795113,270.9
Q2-024,6192.506023220478,47.833116117968395,0,109.2127472,23.0795113,270.9
Q2-024,6211.596932311387,49.07131301750753,0,109.2127472,23.0795113,270.9
Q2-024,6230.687841402297,50.30950991704672,0,109.2127472,23.0795113,270.9
Q2-024,6249.778750493206,51.547706816585844,0,109.2127472,23.0795113,270.9
Q2-024,6268.869659584115,52.78590371612498,0,109.2127472,23.0795113,270.9
Q2-024,6287.960568675024,54.0241006156641,0,109.2127472,23.0795113,270.9
Q2-024,6307.051477765933,55.26229751520324,0,109.2127472,23.0795113,270.9
Q2-024,6326.142386856842,56.50049441474236,0,109.2127472,23.0795113,270.9
Q2-024,6345.868535489886,57.779891637838176,0,109.2127472,23.0795113,330.07844589913327
Q2-024,6365.594684122931,59.059288860934,0,109.21293036819968,23.078792955285667,372.9093322753906
Q2-024,6385.320832755975,60.33868608402982,0,109.21359344022463,23.076192535097285,372.9093322753906
Q2-024,6405.0469813890195,61.61808330712563,0,109.21425651224956,23.073592114908905,372.9093322753906
Q2-024,6424.773130022064,62.89748053022144,0,109.21491958427451,23.070991694720522,372.9093322753906
Q2-024,6444.499278655108,64.17687775331726,0,109.21558265629946,23.06839127453214,372.9093322753906
Q2-024,6464.225427288153,65.45627497641308,0,109.2162457283244,23.06579085434376,372.9093322753906
Q2-024,6483.951575921197,66.7356721995089,0,109.21690880034934,23.063190434155377,372.9093322753906
Q2-024,6503.677724554241,68.01506942260465,0,109.21757187237428,23.060590013966994,372.9093322753906
Q2-024,6523.403873187285,69.29446664570047,0,109.21823494439923,23.05798959377861,372.9093322753906
Q2-024,6543.13002182033,70.57386386879628,0,109.21889801642416,23.055389173590232,372.9093322753906
Q2-024,6562.856170453374,71.85326109189211,0,109.21956108844911,23.05278875340185,372.9093322753906
Q2-024,6582.5823190864185,73.13265831498792,0,109.22022416047405,23.050188333213466,372.9093322753906
Q2-024,6602.308467719463,74.41205553808373,0,109.220887232499,23.047587913025087,372.9093322753906
Q2-024,6622.034616352507,75.69145276117955,1,109.22155030452394,23.044987492836704,372.9093322753906
Q2-024,6641.760764985552,76.97084998427538,1,109.22221337654888,23.04238707264832,372.9093322753906
Q2-024,6661.486913618596,78.25024720737117,1,109.22287644857383,23.03978665245994,372.9093322753906
Q2-024,6681.213062251641,79.529644430467,1,109.22353952059876,23.03718623227156,372.9093322753906
Q2-024,6700.939210884685,80.80904165356282,1,109.22420259262371,23.034585812083176,372.9093322753906
Q2-024,6720.6653595177295,82.08843887665863,1,109.22486566464865,23.031985391894796,372.9093322753906
Q2-024,6740.391508150774,83.36783609975444,1,109.2255287366736,23.029384971706413,372.9093322753906
Q2-024,6760.117656783818,84.64723332285027,1,109.22619180869854,23.02678455151803,372.9093322753906
Q2-024,6779.843805416863,85.92663054594608,1,109.22685488072348,23.024184131329648,372.9093322753906
Q2-024,6799.569954049907,87.2060277690419,1,109.22751795274843,23.02158371114127,372.9093322753906
Q2-024,6819.296102682951,88.48542499213765,1,109.22818102477336,23.018983290952885,372.9093322753906
Q2-024,6839.022251315995,89.76482221523348,1,109.22884409679831,23.016382870764502,372.9093322753906
Q2-024,6858.74839994904,91.04421943832928,1,109.22950716882325,23.013782450576123,372.9093322753906
Q2-024,6878.474548582084,92.32361666142509,1,109.2301702408482,23.01118203038774,372.9093322753906
Q2-024,6898.2006972151285,93.60301388452092,1,109.23083331287313,23.008581610199357,372.9093322753906
Q2-024,6917.926845848173,94.88241110761673,1,109.2308517,23.0085095,324.9614863304436
Q2-024,6937.652994481217,96.16180833071256,1,109.2308517,23.0085095,275.64611474783254
Q2-024,6957.379143114262,97.44120555380836,1,109.2308517,23.0085095,226.33074316522146
Q2-024,6977.105291747306,98.72060277690419,1,109.2308517,23.0085095,177.01537158261038
Q2-024,6996.831440380351,100.0,1,109.2308517,23.0085095,127.7
Q2-021,4150.0,0.0,1,109.2308517,23.0085095,127.7
Q2-021,4169.889210486373,1.4235145558314037,1,109.2308517,23.0085095,177.42302621593143
Q2-021,4189.778420972744,2.847029111662742,1,109.2308517,23.0085095,227.1460524318606
Q2-021,4209.667631459117,4.270543667494146,1,109.2308517,23.0085095,276.86907864779204
Q2-021,4229.556841945489,5.69405822332555,1,109.23085117465699,23.008519306025395,326.410888671875
Q2-021,4249.446052431861,7.117572779156888,1,109.23070702835263,23.011209933462453,326.410888671875
Q2-021,4269.335262918234,8.541087334988292,1,109.23056288204826,23.01390056089951,326.410888671875
Q2-021,4289.224473404605,9.964601890819631,1,109.2304187357439,23.01659118833657,326.410888671875
Q2-021,4309.113683890978,11.388116446651035,1,109.23027458943953,23.01928181577363,326.410888671875
Q2-021,4329.0028943773505,12.811631002482438,1,109.23013044313517,23.02197244321069,326.410888671875
Q2-021,4348.892104863722,14.235145558313777,1,109.2299862968308,23.024663070647748,326.410888671875
Q2-021,4368.781315350095,15.65866011414518,1,109.22984215052644,23.027353698084806,326.410888671875
Q2-021,4388.670525836467,17.082174669976585,1,109.22969800422209,23.030044325521864,326.410888671875
Q2-021,4408.559736322839,18.505689225807924,1,109.22955385791772,23.032734952958922,326.410888671875
Q2-021,4428.4489468092115,19.929203781639327,1,109.22940971161336,23.035425580395984,326.410888671875
Q2-021,4448.338157295584,21.35271833747073,1,109.22926556530899,23.038116207833042,326.410888671875
Q2-021,4468.227367781956,22.77623289330207,1,109.22912141900463,23.0408068352701,326.410888671875
Q2-021,4488.116578268328,24.19974744913347,1,109.22897727270026,23.04349746270716,326.410888671875
Q2-021,4508.005788754701,25.623262004964875,0,109.2288331263959,23.046188090144216,326.410888671875
Q2-021,4527.894999241073,27.046776560796214,0,109.22868898009153,23.048878717581275,326.410888671875
Q2-021,4547.784209727445,28.470291116627617,0,109.22854483378717,23.051569345018336,326.410888671875
Q2-021,4567.673420213817,29.89380567245896,0,109.2284006874828,23.054259972455394,326.410888671875
Q2-021,4587.562630700189,31.31732022829036,0,109.2283003,23.0561338,314.3352629182342
Q2-021,4607.451841186562,32.74083478412176,0,109.2283003,23.0561338,274.55684194548905
Q2-021,4627.341051672934,34.164349339953105,0,109.2283003,23.0561338,234.77842097274572
Q2-021,4647.230262159306,35.58786389578451,0,109.2283003,23.0561338,195.00000000000057
Q2-021,4667.030262159306,37.00499346082048,0,109.2283003,23.0561338,195.0
Q2-021,4686.830262159307,38.42212302585645,0,109.2283003,23.0561338,195.0
Q2-021,4706.630262159306,39.83925259089236,0,109.2283003,23.0561338,195.0
Q2-021,4726.430262159306,41.25638215592833,0,109.2283003,23.0561338,195.0
Q2-021,4746.230262159306,42.6735117209643,0,109.2283003,23.0561338,195.0
Q2-021,4766.030262159306,44.09064128600027,0,109.2283003,23.0561338,195.0
Q2-021,4785.830262159307,45.50777085103624,0,109.2283003,23.0561338,195.0
Q2-021,4805.630262159306,46.92490041607215,0,109.2283003,23.0561338,195.0
Q2-021,4825.430262159306,48.34202998110812,0,109.2283003,23.0561338,195.0
Q2-021,4845.230262159306,49.75915954614408,0,109.2283003,23.0561338,195.0
Q2-021,4865.030262159306,51.17628911118007,0,109.2283003,23.0561338,195.0
Q2-021,4884.830262159307,52.59341867621603,0,109.2283003,23.0561338,195.0
Q2-021,4904.630262159306,54.01054824125194,0,109.2283003,23.0561338,195.0
Q2-021,4924.430262159306,55.42767780628791,0,109.2283003,23.0561338,195.0
Q2-021,4944.230262159306,56.84480737132388,0,109.2283003,23.0561338,195.0
Q2-021,4964.030262159306,58.26193693635986,0,109.2283003,23.0561338,195.0
Q2-021,4983.830262159307,59.67906650139583,0,109.2283003,23.0561338,195.0
Q2-021,5003.630262159306,61.09619606643174,0,109.2283003,23.0561338,195.0
Q2-021,5023.430262159306,62.5133256314677,0,109.2283003,23.0561338,195.0
Q2-021,5043.230262159306,63.93045519650367,0,109.2283003,23.0561338,195.0
Q2-021,5062.613349165434,65.31774538125354,0,109.2283003,23.0561338,243.45771751531743
Q2-021,5081.996436171561,66.70503556600342,0,109.2283003,23.0561338,291.915435030636
Q2-021,5101.379523177688,68.09232575075323,0,109.22834077639276,23.055378269753312,326.410888671875
Q2-021,5120.762610183815,69.4796159355031,0,109.22848125458624,23.05275611108345,326.410888671875
Q2-021,5140.145697189942,70.86690612025298,0,109.22862173277974,23.050133952413585,326.410888671875
Q2-021,5159.52878419607,72.25419630500285,0,109.22876221097323,23.04751179374372,326.410888671875
Q2-021,5178.911871202196,73.64148648975267,0,109.22890268916672,23.044889635073858,326.410888671875
Q2-021,5198.294958208324,75.02877667450254,1,109.22904316736022,23.042267476403996,326.410888671875
Q2-021,5217.678045214451,76.41606685925241,1,109.2291836455537,23.03964531773413,326.410888671875
Q2-021,5237.061132220579,77.80335704400228,1,109.22932412374719,23.037023159064265,326.410888671875
Q2-021,5256.444219226705,79.19064722875208,1,109.22946460194069,23.034401000394404,326.410888671875
Q2-021,5275.827306232833,80.57793741350197,1,109.22960508013418,23.03177884172454,326.410888671875
Q2-021,5295.21039323896,81.96522759825183,1,109.22974555832766,23.029156683054676,326.410888671875
Q2-021,5314.593480245087,83.35251778300172,1,109.22988603652117,23.02653452438481,326.410888671875
Q2-021,5333.976567251215,84.73980796775159,1,109.23002651471465,23.02391236571495,326.410888671875
Q2-021,5353.359654257341,86.1270981525014,1,109.23016699290814,23.021290207045087,326.410888671875
Q2-021,5372.742741263469,87.51438833725126,1,109.23030747110164,23.018668048375222,326.410888671875
Q2-021,5392.125828269596,88.90167852200113,1,109.23044794929513,23.016045889705357,326.410888671875
Q2-021,5411.508915275724,90.28896870675102,1,109.23058842748861,23.013423731035495,326.410888671875
Q2-021,5430.89200228185,91.67625889150082,1,109.23072890568211,23.010801572365633,326.410888671875
Q2-021,5450.275089287978,93.0635490762507,1,109.2308517,23.0085095,321.53087006127123
Q2-021,5469.658176294105,94.45083926100057,1,109.2308517,23.0085095,282.7646960490164
Q2-021,5489.0412633002325,95.83812944575045,1,109.2308517,23.0085095,243.99852203676153
Q2-021,5508.424350306359,97.22541963050027,1,109.2308517,23.0085095,205.2323480245085
Q2-021,5527.807437312486,98.61270981525011,1,109.2308517,23.0085095,166.46617401225365
Q2-021,5547.190524318614,100.0,1,109.2308517,23.0085095,127.7
Q2-001,360.0,0.0,1,109.2308517,23.0085095,127.7
Q2-001,379.9830472685045,1.050285897924121,1,109.2308517,23.0085095,187.64914180551347
Q2-001,399.966094537009,2.100571795848242,1,109.2308517,23.0085095,247.59828361102694
Q2-001,419.9491418055135,3.150857693772363,1,109.2308517,23.0085095,307.5474254165404
Q2-001,439.93218907401797,4.201143591696484,1,109.2308517,23.0085095,367.4965672220539
Q2-001,459.91523634252246,5.251429489620604,1,109.2308517,23.0085095,427.4457090275674
Q2-001,479.89828361102695,6.301715387544726,1,109.2308517,23.0085095,487.39485083308085
Q2-001,499.88133087953145,7.352001285468846,1,109.2308517,23.0085095,547.3439926385944
Q2-001,519.8643781480359,8.402287183392968,1,109.22929863893562,23.009305193934736,561.8041381835938
Q2-001,539.8474254165404,9.452573081317087,1,109.2272518872894,23.01035382486636,561.8041381835938
Q2-001,559.8304726850449,10.502858979241209,1,109.22520513564318,23.011402455797988,561.8041381835938
Q2-001,579.8135199535494,11.553144877165328,1,109.22315838399696,23.012451086729612,561.8041381835938
Q2-001,599.7965672220539,12.603430775089452,1,109.22111163235074,23.013499717661237,561.8041381835938
Q2-001,619.7796144905584,13.653716673013573,1,109.21906488070452,23.014548348592864,561.8041381835938
Q2-001,639.7626617590629,14.704002570937693,1,109.2170181290583,23.01559697952449,561.8041381835938
Q2-001,659.7457090275674,15.754288468861814,1,109.21497137741208,23.016645610456113,561.8041381835938
Q2-001,679.7287562960719,16.804574366785936,1,109.21292462576587,23.01769424138774,561.8041381835938
Q2-001,699.7118035645764,17.854860264710055,1,109.21087787411963,23.018742872319365,561.8041381835938
Q2-001,719.6948508330809,18.905146162634175,1,109.20883112247341,23.019791503250993,561.8041381835938
Q2-001,739.6778981015854,19.955432060558298,1,109.2067843708272,23.020840134182617,561.8041381835938
Q2-001,759.6609453700898,21.005717958482418,1,109.20473761918097,23.02188876511424,561.8041381835938
Q2-001,779.6439926385945,22.056003856406544,1,109.20269086753476,23.02293739604587,561.8041381835938
Q2-001,799.6270399070988,23.106289754330657,1,109.20064411588854,23.023986026977493,561.8041381835938
Q2-001,819.6100871756033,24.15657565225478,1,109.19859736424232,23.025034657909117,561.8041381835938
Q2-001,839.5931344441078,25.206861550178903,0,109.1965506125961,23.026083288840745,561.8041381835938
Q2-001,859.5761817126123,26.257147448103023,0,109.19450386094988,23.02713191977237,561.8041381835938
Q2-001,879.5592289811168,27.307433346027146,0,109.19245710930365,23.028180550703993,561.8041381835938
Q2-001,899.5422762496213,28.357719243951262,0,109.19041035765743,23.02922918163562,561.8041381835938
Q2-001,919.5253235181258,29.408005141875385,0,109.18836360601121,23.030277812567245,561.8041381835938
Q2-001,939.5083707866303,30.458291039799505,0,109.18631685436499,23.03132644349887,561.8041381835938
Q2-001,959.4914180551348,31.508576937723628,0,109.18427010271877,23.032375074430497,561.8041381835938
Q2-001,979.4744653236393,32.558862835647744,0,109.18222335107255,23.03342370536212,561.8041381835938
Q2-001,999.4575125921438,33.60914873357187,0,109.18017659942633,23.034472336293746,561.8041381835938
Q2-001,1019.4405598606482,34.659434631495984,0,109.17812984778011,23.035520967225374,561.8041381835938
Q2-001,1039.4236071291527,35.70972052942011,0,109.1760830961339,23.036569598156998,561.8041381835938
Q2-001,1059.4066543976573,36.76000642734424,0,109.17403634448766,23.037618229088622,561.8041381835938
Q2-001,1079.3897016661617,37.81029232526835,0,109.17198959284144,23.03866686002025,561.8041381835938
Q2-001,1099.372748934666,38.86057822319247,0,109.16994284119522,23.039715490951874,561.8041381835938
Q2-001,1119.3557962031707,39.910864121116596,0,109.1688578,23.0402714,538.3304726850449
Q2-001,1139.3388434716753,40.96115001904072,0,109.1688578,23.0402714,488.3728545137834
Q2-001,1159.3218907401797,42.011435916964835,0,109.1688578,23.0402714,438.41523634252246
Q2-001,1179.304938008684,43.061721814888955,0,109.1688578,23.0402714,388.4576181712615
Q2-001,1199.2879852771887,44.11200771281308,0,109.1688578,23.0402714,338.5
Q2-001,1218.3788943680977,45.115403857921315,0,109.1688578,23.0402714,338.5
Q2-001,1237.469803459007,46.11880000302957,0,109.1688578,23.0402714,338.5
Q2-001,1256.560712549916,47.1221961481378,0,109.1688578,23.0402714,338.5
Q2-001,1275.651621640825,48.125592293246044,0,109.1688578,23.0402714,338.5
Q2-001,1294.7425307317342,49.12898843835429,0,109.1688578,23.0402714,338.5
Q2-001,1313.8334398226432,50.13238458346253,0,109.1688578,23.0402714,338.5
Q2-001,1332.9243489135524,51.135780728570786,0,109.1688578,23.0402714,338.5
Q2-001,1352.0152580044614,52.13917687367902,0,109.1688578,23.0402714,338.5
Q2-001,1371.1061670953704,53.14257301878727,0,109.1688578,23.0402714,338.5
Q2-001,1390.1970761862797,54.145969163895515,0,109.1688578,23.0402714,338.5
Q2-001,1409.2879852771887,55.149365309003755,0,109.1688578,23.0402714,338.5
Q2-001,1429.1331322216195,56.192403325073435,0,109.1688578,23.0402714,398.03544083329234
Q2-001,1448.9782791660502,57.235441341143115,0,109.1688578,23.0402714,457.5708816665847
Q2-001,1468.823426110481,58.2784793572128,0,109.1688578,23.0402714,517.106322499877
Q2-001,1488.6685730549116,59.32151737328247,0,109.1693643782893,23.04001186012645,561.8041381835938
Q2-001,1508.5137199993424,60.36455538935215,0,109.17139700557743,23.03897046565598,561.8041381835938
Q2-001,1528.3588669437731,61.407593405421835,0,109.17342963286556,23.03792907118551,561.8041381835938
Q2-001,1548.204013888204,62.450631421491515,0,109.1754622601537,23.036887676715036,561.8041381835938
Q2-001,1568.0491608326347,63.493669437561195,0,109.17749488744182,23.035846282244567,561.8041381835938
Q2-001,1587.8943077770655,64.53670745363088,0,109.17952751472995,23.034804887774094,561.8041381835938
Q2-001,1607.739454721496,65.57974546970055,0,109.1815601420181,23.033763493303624,561.8041381835938
Q2-001,1627.5846016659268,66.62278348577023,0,109.18359276930623,23.032722098833155,561.8041381835938
Q2-001,1647.4297486103576,67.66582150183991,0,109.18562539659436,23.03168070436268,561.8041381835938
Q2-001,1667.2748955547884,68.7088595179096,0,109.18765802388249,23.030639309892212,561.8041381835938
Q2-001,1687.1200424992192,69.75189753397927,0,109.18969065117062,23.02959791542174,561.8041381835938
Q2-001,1706.9651894436497,70.79493555004895,0,109.19172327845875,23.02855652095127,561.8041381835938
Q2-001,1726.8103363880805,71.83797356611863,0,109.19375590574688,23.027515126480797,561.8041381835938
Q2-001,1746.6554833325113,72.88101158218831,0,109.19578853303501,23.026473732010327,561.8041381835938
Q2-001,1766.500630276942,73.924049598258,1,109.19782116032316,23.025432337539854,561.8041381835938
Q2-001,1786.3457772213728,74.96708761432767,1,109.19985378761129,23.024390943069385,561.8041381835938
Q2-001,1806.1909241658036,76.01012563039735,1,109.20188641489942,23.023349548598915,561.8041381835938
Q2-001,1826.0360711102344,77.05316364646704,1,109.20391904218755,23.022308154128442,561.8041381835938
Q2-001,1845.8812180546652,78.09620166253671,1,109.20595166947568,23.021266759657973,561.8041381835938
Q2-001,1865.7263649990957,79.13923967860639,1,109.20798429676381,23.0202253651875,561.8041381835938
Q2-001,1885.5715119435265,80.18227769467607,1,109.21001692405194,23.01918397071703,561.8041381835938
Q2-001,1905.4166588879573,81.22531571074575,1,109.21204955134009,23.018142576246557,561.8041381835938
Q2-001,1925.2618058323878,82.26835372681542,1,109.21408217862822,23.017101181776088,561.8041381835938
Q2-001,1945.1069527768186,83.3113917428851,1,109.21611480591635,23.016059787305615,561.8041381835938
Q2-001,1964.9520997212494,84.3544297589548,1,109.21814743320448,23.015018392835145,561.8041381835938
Q2-001,1984.7972466656802,85.39746777502447,1,109.22018006049261,23.013976998364676,561.8041381835938
Q2-001,2004.642393610111,86.44050579109415,1,109.22221268778074,23.012935603894203,561.8041381835938
Q2-001,2024.4875405545417,87.48354380716383,1,109.22424531506887,23.011894209423733,561.8041381835938
Q2-001,2044.3326874989725,88.52658182323351,1,109.226277942357,23.01085281495326,561.8041381835938
Q2-001,2064.1778344434033,89.56961983930321,1,109.22831056964515,23.00981142048279,561.8041381835938
Q2-001,2084.022981387834,90.61265785537289,1,109.23034319693328,23.008770026012318,561.8041381835938
Q2-001,2103.868128332265,91.65569587144257,1,109.2308517,23.0085095,524.6029388886146
Q2-001,2123.7132752766956,92.69873388751225,1,109.2308517,23.0085095,474.9900715275377
Q2-001,2143.5584222211264,93.74177190358193,1,109.2308517,23.0085095,425.37720416646073
Q2-001,2163.403569165557,94.78480991965162,1,109.2308517,23.0085095,375.7643368053838
Q2-001,2183.248716109988,95.8278479357213,1,109.2308517,23.0085095,326.1514694443068
Q2-001,2203.0938630544183,96.87088595179095,1,109.2308517,23.0085095,276.538602083231
Q2-001,2222.939009998849,97.91392396786064,1,109.2308517,23.0085095,226.92573472215406
Q2-001,2242.78415694328,98.95696198393033,1,109.2308517,23.0085095,177.3128673610771
Q2-001,2262.6293038877106,100.0,1,109.2308517,23.0085095,127.70000000000016
Q2-016,3201.0,0.0,1,109.2308517,23.0085095,127.7
Q2-016,3220.9830472685044,1.0502858979241152,1,109.2308517,23.0085095,187.64914180551312
Q2-016,3240.9660945370088,2.1005717958482304,1,109.2308517,23.0085095,247.59828361102626
Q2-016,3260.9491418055136,3.1508576937723696,1,109.2308517,23.0085095,307.54742541654076
Q2-016,3280.932189074018,4.201143591696485,1,109.2308517,23.0085095,367.4965672220539
Q2-016,3300.9152363425223,5.2514294896206,1,109.2308517,23.0085095,427.44570902756703
Q2-016,3320.8982836110267,6.301715387544715,1,109.2308517,23.0085095,487.39485083308017
Q2-016,3340.8813308795316,7.352001285468854,1,109.2308517,23.0085095,547.3439926385947
Q2-016,3360.864378148036,8.40228718339297,1,109.22929863893562,23.009305193934736,561.8041381835938
Q2-016,3380.8474254165403,9.452573081317084,1,109.2272518872894,23.01035382486636,561.8041381835938
Q2-016,3400.8304726850447,10.5028589792412,1,109.22520513564318,23.011402455797988,561.8041381835938
Q2-016,3420.8135199535495,11.553144877165339,1,109.22315838399696,23.012451086729612,561.8041381835938
Q2-016,3440.796567222054,12.603430775089455,1,109.22111163235074,23.013499717661237,561.8041381835938
Q2-016,3460.7796144905583,13.65371667301357,1,109.21906488070452,23.014548348592864,561.8041381835938
Q2-016,3480.7626617590627,14.704002570937686,1,109.2170181290583,23.01559697952449,561.8041381835938
Q2-016,3500.7457090275675,15.754288468861823,1,109.21497137741208,23.016645610456113,561.8041381835938
Q2-016,3520.728756296072,16.80457436678594,1,109.21292462576587,23.01769424138774,561.8041381835938
Q2-016,3540.7118035645763,17.85486026471005,1,109.21087787411963,23.018742872319365,561.8041381835938
Q2-016,3560.6948508330806,18.905146162634168,1,109.20883112247341,23.01979150325099,561.8041381835938
Q2-016,3580.6778981015855,19.955432060558305,1,109.2067843708272,23.020840134182617,561.8041381835938
Q2-016,3600.66094537009,21.00571795848242,1,109.20473761918097,23.02188876511424,561.8041381835938
Q2-016,3620.643992638594,22.056003856406537,1,109.20269086753476,23.02293739604587,561.8041381835938
Q2-016,3640.6270399070986,23.106289754330653,1,109.20064411588854,23.023986026977493,561.8041381835938
Q2-016,3660.6100871756034,24.15657565225479,1,109.19859736424232,23.025034657909117,561.8041381835938
Q2-016,3680.593134444108,25.20686155017891,0,109.1965506125961,23.026083288840745,561.8041381835938
Q2-016,3700.576181712612,26.25714744810302,0,109.19450386094988,23.02713191977237,561.8041381835938
Q2-016,3720.5592289811166,27.30743334602714,0,109.19245710930365,23.028180550703993,561.8041381835938
Q2-016,3740.542276249621,28.35771924395125,0,109.19041035765743,23.02922918163562,561.8041381835938
Q2-016,3760.525323518126,29.408005141875392,0,109.18836360601121,23.030277812567245,561.8041381835938
Q2-016,3780.50837078663,30.45829103979951,0,109.18631685436499,23.03132644349887,561.8041381835938
Q2-016,3800.4914180551345,31.508576937723625,0,109.18427010271877,23.032375074430497,561.8041381835938
Q2-016,3820.4744653236394,32.55886283564776,0,109.18222335107255,23.03342370536212,561.8041381835938
Q2-016,3840.4575125921438,33.60914873357188,0,109.18017659942633,23.034472336293746,561.8041381835938
Q2-016,3860.440559860648,34.65943463149599,0,109.17812984778011,23.035520967225374,561.8041381835938
Q2-016,3880.4236071291525,35.7097205294201,0,109.1760830961339,23.036569598156998,561.8041381835938
Q2-016,3900.406654397657,36.76000642734422,0,109.17403634448766,23.037618229088622,561.8041381835938
Q2-016,3920.3897016661613,37.810292325268335,0,109.17198959284144,23.03866686002025,561.8041381835938
Q2-016,3940.372748934666,38.860578223192476,0,109.16994284119522,23.039715490951874,561.8041381835938
Q2-016,3960.3557962031705,39.91086412111659,0,109.1688578,23.0402714,538.3304726850455
Q2-016,3980.338843471675,40.96115001904071,0,109.1688578,23.0402714,488.37285451378455
Q2-016,4000.3218907401797,42.01143591696484,0,109.1688578,23.0402714,438.41523634252246
Q2-016,4020.304938008684,43.06172181488896,0,109.1688578,23.0402714,388.4576181712615
Q2-016,4040.2879852771885,44.112007712813075,0,109.1688578,23.0402714,338.50000000000057
Q2-016,4059.3788943680975,45.11540385792132,0,109.1688578,23.0402714,338.5
Q2-016,4078.4698034590065,46.118800003029556,0,109.1688578,23.0402714,338.5
Q2-016,4097.5607125499155,47.122196148137796,0,109.1688578,23.0402714,338.5
Q2-016,4116.6516216408245,48.12559229324603,0,109.1688578,23.0402714,338.5
Q2-016,4135.7425307317335,49.12898843835427,0,109.1688578,23.0402714,338.5
Q2-016,4154.833439822643,50.13238458346256,0,109.1688578,23.0402714,338.5
Q2-016,4173.924348913552,51.13578072857079,0,109.1688578,23.0402714,338.5
Q2-016,4193.015258004461,52.139176873679034,0,109.1688578,23.0402714,338.5
Q2-016,4212.10616709537,53.142573018787274,0,109.1688578,23.0402714,338.5
Q2-016,4231.197076186279,54.145969163895515,0,109.1688578,23.0402714,338.5
Q2-016,4250.287985277188,55.14936530900375,0,109.1688578,23.0402714,338.5
Q2-016,4270.133132221619,56.19240332507344,0,109.1688578,23.0402714,398.03544083329166
Q2-016,4289.97827916605,57.23544134114312,0,109.1688578,23.0402714,457.570881666584
Q2-016,4309.823426110481,58.2784793572128,0,109.1688578,23.0402714,517.1063224998763
Q2-016,4329.668573054912,59.32151737328248,0,109.1693643782893,23.04001186012645,561.8041381835938
Q2-016,4349.513719999342,60.36455538935216,0,109.17139700557743,23.03897046565598,561.8041381835938
Q2-016,4369.358866943773,61.40759340542185,0,109.17342963286556,23.03792907118551,561.8041381835938
Q2-016,4389.204013888204,62.45063142149153,0,109.1754622601537,23.036887676715036,561.8041381835938
Q2-016,4409.049160832635,63.49366943756121,0,109.17749488744182,23.035846282244567,561.8041381835938
Q2-016,4428.8943077770655,64.5367074536309,0,109.17952751472995,23.034804887774094,561.8041381835938
Q2-016,4448.739454721496,65.57974546970058,0,109.1815601420181,23.033763493303624,561.8041381835938
Q2-016,4468.584601665927,66.62278348577026,0,109.18359276930623,23.032722098833155,561.8041381835938
Q2-016,4488.429748610357,67.6658215018399,0,109.18562539659436,23.03168070436268,561.8041381835938
Q2-016,4508.274895554788,68.70885951790957,0,109.18765802388249,23.030639309892212,561.8041381835938
Q2-016,4528.1200424992185,69.75189753397926,0,109.18969065117062,23.02959791542174,561.8041381835938
Q2-016,4547.965189443649,70.79493555004893,0,109.19172327845875,23.02855652095127,561.8041381835938
Q2-016,4567.81033638808,71.83797356611862,0,109.19375590574688,23.027515126480797,561.8041381835938
Q2-016,4587.655483332511,72.88101158218831,0,109.19578853303501,23.026473732010327,561.8041381835938
Q2-016,4607.500630276942,73.92404959825798,1,109.19782116032316,23.025432337539854,561.8041381835938
Q2-016,4627.345777221372,74.96708761432767,1,109.19985378761129,23.024390943069385,561.8041381835938
Q2-016,4647.190924165803,76.01012563039734,1,109.20188641489942,23.023349548598915,561.8041381835938
Q2-016,4667.036071110234,77.05316364646703,1,109.20391904218755,23.022308154128442,561.8041381835938
Q2-016,4686.881218054665,78.09620166253673,1,109.20595166947568,23.021266759657973,561.8041381835938
Q2-016,4706.7263649990955,79.1392396786064,1,109.20798429676381,23.0202253651875,561.8041381835938
Q2-016,4726.571511943526,80.18227769467609,1,109.21001692405194,23.01918397071703,561.8041381835938
Q2-016,4746.416658887957,81.22531571074578,1,109.21204955134009,23.018142576246557,561.8041381835938
Q2-016,4766.261805832388,82.26835372681545,1,109.21408217862822,23.017101181776088,561.8041381835938
Q2-016,4786.106952776819,83.31139174288514,1,109.21611480591635,23.016059787305615,561.8041381835938
Q2-016,4805.952099721249,84.35442975895482,1,109.21814743320448,23.015018392835145,561.8041381835938
Q2-016,4825.79724666568,85.3974677750245,1,109.22018006049261,23.013976998364676,561.8041381835938
Q2-016,4845.642393610111,86.44050579109418,1,109.22221268778074,23.012935603894203,561.8041381835938
Q2-016,4865.487540554542,87.48354380716385,1,109.22424531506887,23.011894209423733,561.8041381835938
Q2-016,4885.3326874989725,88.52658182323354,1,109.226277942357,23.01085281495326,561.8041381835938
Q2-016,4905.177834443402,89.56961983930317,1,109.22831056964515,23.00981142048279,561.8041381835938
Q2-016,4925.022981387833,90.61265785537286,1,109.23034319693328,23.008770026012318,561.8041381835938
Q2-016,4944.868128332264,91.65569587144255,1,109.2308517,23.0085095,524.6029388886169
Q2-016,4964.713275276695,92.69873388751222,1,109.2308517,23.0085095,474.99007152753995
Q2-016,4984.5584222211255,93.7417719035819,1,109.2308517,23.0085095,425.377204166463
Q2-016,5004.403569165556,94.7848099196516,1,109.2308517,23.0085095,375.76433680538605
Q2-016,5024.248716109987,95.82784793572127,1,109.2308517,23.0085095,326.1514694443091
Q2-016,5044.093863054418,96.87088595179095,1,109.2308517,23.0085095,276.53860208323215
Q2-016,5063.939009998849,97.91392396786064,1,109.2308517,23.0085095,226.9257347221552
Q2-016,5083.784156943279,98.95696198393031,1,109.2308517,23.0085095,177.31286736107825
Q2-016,5103.62930388771,100.0,1,109.2308517,23.0085095,127.7000000000013
Q2-022,4053.0,0.0,1,109.2308517,23.0085095,127.7
Q2-022,4072.9830472685044,1.0502858979241152,1,109.2308517,23.0085095,187.64914180551312
Q2-022,4092.9660945370088,2.1005717958482304,1,109.2308517,23.0085095,247.59828361102626
Q2-022,4112.949141805513,3.1508576937723456,1,109.2308517,23.0085095,307.5474254165394
Q2-022,4132.9321890740175,4.201143591696461,1,109.2308517,23.0085095,367.49656722205253
Q2-022,4152.915236342523,5.251429489620624,1,109.2308517,23.0085095,427.4457090275684
Q2-022,4172.898283611027,6.301715387544739,1,109.2308517,23.0085095,487.39485083308153
Q2-022,4192.881330879532,7.352001285468854,1,109.2308517,23.0085095,547.3439926385947
Q2-022,4212.864378148036,8.40228718339297,1,109.22929863893562,23.009305193934736,561.8041381835938
Q2-022,4232.84742541654,9.452573081317084,1,109.2272518872894,23.01035382486636,561.8041381835938
Q2-022,4252.830472685045,10.5028589792412,1,109.22520513564318,23.011402455797988,561.8041381835938
Q2-022,4272.813519953549,11.553144877165314,1,109.22315838399696,23.012451086729612,561.8041381835938
Q2-022,4292.796567222053,12.60343077508943,1,109.22111163235074,23.013499717661237,561.8041381835938
Q2-022,4312.779614490559,13.653716673013593,1,109.21906488070452,23.014548348592864,561.8041381835938
Q2-022,4332.762661759063,14.704002570937709,1,109.2170181290583,23.01559697952449,561.8041381835938
Q2-022,4352.7457090275675,15.754288468861823,1,109.21497137741208,23.016645610456113,561.8041381835938
Q2-022,4372.728756296072,16.80457436678594,1,109.21292462576587,23.01769424138774,561.8041381835938
Q2-022,4392.711803564576,17.85486026471005,1,109.21087787411963,23.018742872319365,561.8041381835938
Q2-022,4412.694850833081,18.905146162634168,1,109.20883112247341,23.01979150325099,561.8041381835938
Q2-022,4432.677898101585,19.955432060558284,1,109.2067843708272,23.020840134182617,561.8041381835938
Q2-022,4452.660945370089,21.0057179584824,1,109.20473761918097,23.02188876511424,561.8041381835938
Q2-022,4472.643992638594,22.056003856406512,1,109.20269086753476,23.02293739604587,561.8041381835938
Q2-022,4492.627039907099,23.106289754330678,1,109.20064411588854,23.023986026977493,561.8041381835938
Q2-022,4512.610087175603,24.15657565225479,1,109.19859736424232,23.025034657909117,561.8041381835938
Q2-022,4532.593134444108,25.20686155017891,0,109.1965506125961,23.026083288840745,561.8041381835938
Q2-022,4552.576181712612,26.25714744810302,0,109.19450386094988,23.02713191977237,561.8041381835938
Q2-022,4572.559228981117,27.30743334602714,0,109.19245710930365,23.028180550703993,561.8041381835938
Q2-022,4592.542276249621,28.35771924395125,0,109.19041035765743,23.02922918163562,561.8041381835938
Q2-022,4612.525323518125,29.40800514187537,0,109.18836360601121,23.030277812567245,561.8041381835938
Q2-022,4632.50837078663,30.45829103979948,0,109.18631685436499,23.03132644349887,561.8041381835938
Q2-022,4652.491418055135,31.508576937723646,0,109.18427010271877,23.032375074430497,561.8041381835938
Q2-022,4672.474465323639,32.55886283564776,0,109.18222335107255,23.03342370536212,561.8041381835938
Q2-022,4692.457512592144,33.60914873357188,0,109.18017659942633,23.034472336293746,561.8041381835938
Q2-022,4712.440559860648,34.65943463149599,0,109.17812984778011,23.035520967225374,561.8041381835938
Q2-022,4732.4236071291525,35.7097205294201,0,109.1760830961339,23.036569598156998,561.8041381835938
Q2-022,4752.406654397657,36.76000642734422,0,109.17403634448766,23.037618229088622,561.8041381835938
Q2-022,4772.389701666161,37.810292325268335,0,109.17198959284144,23.03866686002025,561.8041381835938
Q2-022,4792.372748934666,38.86057822319245,0,109.16994284119522,23.039715490951874,561.8041381835938
Q2-022,4812.355796203171,39.91086412111661,0,109.1688578,23.0402714,538.3304726850444
Q2-022,4832.338843471675,40.96115001904073,0,109.1688578,23.0402714,488.3728545137834
Q2-022,4852.32189074018,42.01143591696484,0,109.1688578,23.0402714,438.41523634252246
Q2-022,4872.304938008684,43.06172181488896,0,109.1688578,23.0402714,388.4576181712615
Q2-022,4892.287985277188,44.112007712813075,0,109.1688578,23.0402714,338.50000000000057
Q2-022,4911.3788943680975,45.11540385792132,0,109.1688578,23.0402714,338.5
Q2-022,4930.4698034590065,46.118800003029556,0,109.1688578,23.0402714,338.5
Q2-022,4949.5607125499155,47.122196148137796,0,109.1688578,23.0402714,338.5
Q2-022,4968.6516216408245,48.12559229324603,0,109.1688578,23.0402714,338.5
Q2-022,4987.7425307317335,49.12898843835427,0,109.1688578,23.0402714,338.5
Q2-022,5006.833439822643,50.13238458346256,0,109.1688578,23.0402714,338.5
Q2-022,5025.924348913552,51.13578072857079,0,109.1688578,23.0402714,338.5
Q2-022,5045.015258004461,52.139176873679034,0,109.1688578,23.0402714,338.5
Q2-022,5064.10616709537,53.142573018787274,0,109.1688578,23.0402714,338.5
Q2-022,5083.197076186279,54.145969163895515,0,109.1688578,23.0402714,338.5
Q2-022,5102.287985277188,55.14936530900375,0,109.1688578,23.0402714,338.5
Q2-022,5122.133132221619,56.19240332507344,0,109.1688578,23.0402714,398.03544083329166
Q2-022,5141.97827916605,57.23544134114312,0,109.1688578,23.0402714,457.570881666584
Q2-022,5161.823426110481,58.2784793572128,0,109.1688578,23.0402714,517.1063224998763
Q2-022,5181.668573054912,59.32151737328248,0,109.1693643782893,23.04001186012645,561.8041381835938
Q2-022,5201.513719999342,60.36455538935216,0,109.17139700557743,23.03897046565598,561.8041381835938
Q2-022,5221.358866943773,61.40759340542185,0,109.17342963286556,23.03792907118551,561.8041381835938
Q2-022,5241.204013888204,62.45063142149153,0,109.1754622601537,23.036887676715036,561.8041381835938
Q2-022,5261.049160832635,63.49366943756121,0,109.17749488744182,23.035846282244567,561.8041381835938
Q2-022,5280.8943077770655,64.5367074536309,0,109.17952751472995,23.034804887774094,561.8041381835938
Q2-022,5300.739454721496,65.57974546970058,0,109.1815601420181,23.033763493303624,561.8041381835938
Q2-022,5320.584601665927,66.62278348577026,0,109.18359276930623,23.032722098833155,561.8041381835938
Q2-022,5340.429748610357,67.6658215018399,0,109.18562539659436,23.03168070436268,561.8041381835938
Q2-022,5360.274895554788,68.70885951790957,0,109.18765802388249,23.030639309892212,561.8041381835938
Q2-022,5380.1200424992185,69.75189753397926,0,109.18969065117062,23.02959791542174,561.8041381835938
Q2-022,5399.965189443649,70.79493555004893,0,109.19172327845875,23.02855652095127,561.8041381835938
Q2-022,5419.81033638808,71.83797356611862,0,109.19375590574688,23.027515126480797,561.8041381835938
Q2-022,5439.655483332511,72.88101158218831,0,109.19578853303501,23.026473732010327,561.8041381835938
Q2-022,5459.500630276942,73.92404959825798,1,109.19782116032316,23.025432337539854,561.8041381835938
Q2-022,5479.345777221372,74.96708761432767,1,109.19985378761129,23.024390943069385,561.8041381835938
Q2-022,5499.190924165803,76.01012563039734,1,109.20188641489942,23.023349548598915,561.8041381835938
Q2-022,5519.036071110234,77.05316364646703,1,109.20391904218755,23.022308154128442,561.8041381835938
Q2-022,5538.881218054665,78.09620166253673,1,109.20595166947568,23.021266759657973,561.8041381835938
Q2-022,5558.7263649990955,79.1392396786064,1,109.20798429676381,23.0202253651875,561.8041381835938
Q2-022,5578.571511943526,80.18227769467609,1,109.21001692405194,23.01918397071703,561.8041381835938
Q2-022,5598.416658887957,81.22531571074578,1,109.21204955134009,23.018142576246557,561.8041381835938
Q2-022,5618.261805832388,82.26835372681545,1,109.21408217862822,23.017101181776088,561.8041381835938
Q2-022,5638.106952776819,83.31139174288514,1,109.21611480591635,23.016059787305615,561.8041381835938
Q2-022,5657.952099721249,84.35442975895482,1,109.21814743320448,23.015018392835145,561.8041381835938
Q2-022,5677.79724666568,85.3974677750245,1,109.22018006049261,23.013976998364676,561.8041381835938
Q2-022,5697.642393610111,86.44050579109418,1,109.22221268778074,23.012935603894203,561.8041381835938
Q2-022,5717.487540554542,87.48354380716385,1,109.22424531506887,23.011894209423733,561.8041381835938
Q2-022,5737.3326874989725,88.52658182323354,1,109.226277942357,23.01085281495326,561.8041381835938
Q2-022,5757.177834443402,89.56961983930317,1,109.22831056964515,23.00981142048279,561.8041381835938
Q2-022,5777.022981387833,90.61265785537286,1,109.23034319693328,23.008770026012318,561.8041381835938
Q2-022,5796.868128332264,91.65569587144255,1,109.2308517,23.0085095,524.6029388886169
Q2-022,5816.713275276695,92.69873388751222,1,109.2308517,23.0085095,474.99007152753995
Q2-022,5836.5584222211255,93.7417719035819,1,109.2308517,23.0085095,425.377204166463
Q2-022,5856.403569165556,94.7848099196516,1,109.2308517,23.0085095,375.76433680538605
Q2-022,5876.248716109987,95.82784793572127,1,109.2308517,23.0085095,326.1514694443091
Q2-022,5896.093863054418,96.87088595179095,1,109.2308517,23.0085095,276.53860208323215
Q2-022,5915.939009998849,97.91392396786064,1,109.2308517,23.0085095,226.9257347221552
Q2-022,5935.784156943279,98.95696198393031,1,109.2308517,23.0085095,177.31286736107825
Q2-022,5955.62930388771,100.0,1,109.2308517,23.0085095,127.7000000000013
Q2-023,5337.0,0.0,1,109.2308517,23.0085095,127.7
Q2-023,5356.950972087649,1.2014870133751625,1,109.2308517,23.0085095,187.55291626294564
Q2-023,5376.901944175297,2.402974026750325,1,109.2308517,23.0085095,247.4058325258913
Q2-023,5396.852916262946,3.6044610401254875,1,109.2308517,23.0085095,307.25874878883695
Q2-023,5416.803888350594,4.80594805350065,1,109.2308517,23.0085095,367.1116650517826
Q2-023,5436.754860438242,6.0074350668757575,1,109.2308517,23.0085095,426.96458131472554
Q2-023,5456.70583252589,7.208922080250921,1,109.2308517,23.0085095,486.8174975776712
Q2-023,5476.656804613539,8.410409093626082,1,109.2308517,23.0085095,546.6704138406169
Q2-023,5496.6077767011875,9.611896107001245,1,109.22894322648138,23.009487285637796,561.8041381835938
Q2-023,5516.558748788836,10.813383120376407,1,109.22638889352508,23.01079597032975,561.8041381835938
Q2-023,5536.509720876485,12.01487013375157,1,109.22383456056879,23.012104655021705,561.8041381835938
Q2-023,5556.460692964133,13.216357147126732,1,109.2212802276125,23.013413339713658,561.8041381835938
Q2-023,5576.411665051782,14.417844160501895,1,109.2187258946562,23.01472202440561,561.8041381835938
Q2-023,5596.36263713943,15.619331173877057,1,109.21617156169991,23.016030709097564,561.8041381835938
Q2-023,5616.313609227078,16.820818187252165,1,109.21361722874362,23.01733939378952,561.8041381835938
Q2-023,5636.2645813147265,18.02230520062733,1,109.21106289578732,23.018648078481473,561.8041381835938
Q2-023,5656.215553402375,19.22379221400249,1,109.20850856283103,23.019956763173425,561.8041381835938
Q2-023,5676.166525490024,20.425279227377654,1,109.20595422987473,23.02126544786538,561.8041381835938
Q2-023,5696.117497577672,21.626766240752815,1,109.20339989691844,23.022574132557335,561.8041381835938
Q2-023,5716.068469665321,22.82825325412798,1,109.20084556396215,23.023882817249287,561.8041381835938
Q2-023,5736.019441752969,24.02974026750314,1,109.19829123100585,23.02519150194124,561.8041381835938
Q2-023,5755.970413840618,25.231227280878304,0,109.19573689804956,23.026500186633196,561.8041381835938
Q2-023,5775.921385928266,26.432714294253465,0,109.19318256509327,23.02780887132515,561.8041381835938
Q2-023,5795.872358015914,27.634201307628572,0,109.19062823213697,23.029117556017102,561.8041381835938
Q2-023,5815.8233301035625,28.835688321003733,0,109.18807389918068,23.030426240709055,561.8041381835938
Q2-023,5835.774302191211,30.037175334378897,0,109.18551956622439,23.03173492540101,561.8041381835938
Q2-023,5855.72527427886,31.238662347754058,0,109.18296523326809,23.033043610092964,561.8041381835938
Q2-023,5875.676246366508,32.44014936112922,0,109.1804109003118,23.034352294784917,561.8041381835938
Q2-023,5895.627218454157,33.64163637450439,0,109.1778565673555,23.035660979476873,561.8041381835938
Q2-023,5915.578190541805,34.843123387879544,0,109.17530223439921,23.036969664168826,561.8041381835938
Q2-023,5935.529162629454,36.04461040125471,0,109.17274790144292,23.03827834886078,561.8041381835938
Q2-023,5955.4801347171015,37.24609741462982,0,109.17019356848662,23.03958703355273,561.8041381835938
Q2-023,5975.43110680475,38.44758442800498,0,109.1688578,23.0402714,538.0097208764867
Q2-023,5995.382078892399,39.649071441380144,0,109.1688578,23.0402714,488.1322906573653
Q2-023,6015.333050980047,40.85055845475531,0,109.1688578,23.0402714,438.2548604382439
Q2-023,6035.284023067696,42.05204546813047,0,109.1688578,23.0402714,388.3774302191225
Q2-023,6055.234995155344,43.25353248150563,0,109.1688578,23.0402714,338.50000000000114
Q2-023,6074.325904246253,44.40322479952824,0,109.1688578,23.0402714,338.5
Q2-023,6093.416813337162,45.55291711755085,0,109.1688578,23.0402714,338.5
Q2-023,6112.507722428071,46.70260943557346,0,109.1688578,23.0402714,338.5
Q2-023,6131.59863151898,47.85230175359606,0,109.1688578,23.0402714,338.5
Q2-023,6150.689540609889,49.00199407161867,0,109.1688578,23.0402714,338.5
Q2-023,6169.780449700799,50.151686389641334,0,109.1688578,23.0402714,338.5
Q2-023,6188.871358791708,51.301378707663936,0,109.1688578,23.0402714,338.5
Q2-023,6207.962267882617,52.451071025686545,0,109.1688578,23.0402714,338.5
Q2-023,6227.053176973526,53.60076334370915,0,109.1688578,23.0402714,338.5
Q2-023,6246.144086064435,54.75045566173176,0,109.1688578,23.0402714,338.5
Q2-023,6265.234995155344,55.90014797975437,0,109.1688578,23.0402714,338.5
Q2-023,6285.026571600984,57.092035872193456,0,109.1688578,23.0402714,397.87472933691924
Q2-023,6304.818148046624,58.28392376463248,0,109.1688578,23.0402714,457.2494586738371
Q2-023,6324.609724492264,59.475811657071574,0,109.1688578,23.0402714,516.6241880107577
Q2-023,6344.401300937904,60.66769954951066,0,109.16946358823039,23.039961030992817,561.8041381835938
Q2-023,6364.192877383544,61.85958744194975,0,109.17199751368274,23.038662801863417,561.8041381835938
Q2-023,6383.984453829184,63.051475334388776,0,109.1745314391351,23.037364572734013,561.8041381835938
Q2-023,6403.776030274824,64.24336322682787,0,109.17706536458745,23.036066343604613,561.8041381835938
Q2-023,6423.567606720464,65.43525111926694,0,109.1795992900398,23.034768114475213,561.8041381835938
Q2-023,6443.359183166104,66.62713901170603,0,109.18213321549216,23.033469885345813,561.8041381835938
Q2-023,6463.1507596117435,67.81902690414506,0,109.18466714094451,23.032171656216413,561.8041381835938
Q2-023,6482.942336057384,69.01091479658416,0,109.18720106639687,23.030873427087013,561.8041381835938
Q2-023,6502.733912503024,70.20280268902323,0,109.18973499184922,23.029575197957612,561.8041381835938
Q2-023,6522.525488948663,71.39469058146227,0,109.19226891730158,23.028276968828212,561.8041381835938
Q2-023,6542.317065394303,72.58657847390135,0,109.19480284275393,23.026978739698812,561.8041381835938
Q2-023,6562.108641839944,73.77846636634044,1,109.19733676820628,23.025680510569412,561.8041381835938
Q2-023,6581.900218285584,74.97035425877952,1,109.19987069365864,23.024382281440012,561.8041381835938
Q2-023,6601.691794731223,76.16224215121856,1,109.202404619111,23.023084052310608,561.8041381835938
Q2-023,6621.483371176863,77.35413004365763,1,109.20493854456335,23.021785823181208,561.8041381835938
Q2-023,6641.2749476225035,78.54601793609673,1,109.2074724700157,23.020487594051808,561.8041381835938
Q2-023,6661.066524068144,79.7379058285358,1,109.21000639546806,23.019189364922408,561.8041381835938
Q2-023,6680.858100513783,80.92979372097484,1,109.21254032092041,23.017891135793008,561.8041381835938
Q2-023,6700.649676959423,82.12168161341393,1,109.21507424637277,23.016592906663607,561.8041381835938
Q2-023,6720.441253405063,83.31356950585302,1,109.21760817182512,23.015294677534207,561.8041381835938
Q2-023,6740.232829850704,84.50545739829211,1,109.22014209727747,23.013996448404807,561.8041381835938
Q2-023,6760.024406296343,85.69734529073114,1,109.22267602272983,23.012698219275407,561.8041381835938
Q2-023,6779.815982741983,86.88923318317022,1,109.22520994818218,23.011399990146007,561.8041381835938
Q2-023,6799.607559187623,88.0811210756093,1,109.22774387363454,23.010101761016603,561.8041381835938
Q2-023,6819.399135633263,89.27300896804833,1,109.23027779908689,23.008803531887203,561.8041381835938
Q2-023,6839.190712078903,90.46489686048743,1,109.2308517,23.0085095,523.5315289127996
Q2-023,6858.982288524543,91.65678475292651,1,109.2308517,23.0085095,474.05258779869916
Q2-023,6878.773864970183,92.8486726453656,1,109.2308517,23.0085095,424.57364668459866
Q2-023,6898.5654414158225,94.04056053780462,1,109.2308517,23.0085095,375.0947055705004
Q2-023,6918.357017861463,95.2324484302437,1,109.2308517,23.0085095,325.6157644563999
Q2-023,6938.148594307103,96.42433632268279,1,109.2308517,23.0085095,276.1368233422994
Q2-023,6957.940170752743,97.61622421512189,1,109.2308517,23.0085095,226.6578822281989
Q2-023,6977.731747198382,98.80811210756092,1,109.2308517,23.0085095,177.17894111410067
Q2-023,6997.523323644023,100.0,1,109.2308517,23.0085095,127.70000000000016
Q2-019,3668.0,0.0,1,109.2308517,23.0085095,127.7
Q2-019,3687.6527318406393,1.0791938505428131,1,109.2308517,23.0085095,176.83182960159814
Q2-019,3707.3054636812785,2.1583877010856263,1,109.2308517,23.0085095,225.9636592031963
Q2-019,3726.958195521918,3.23758155162844,1,109.2308517,23.0085095,275.09548880479446
Q2-019,3746.610927362557,4.3167754021712526,1,109.2308517,23.0085095,324.2273184063926
Q2-019,3766.2636592031968,5.3959692527140914,1,109.2308517,23.0085095,373.3591480079919
Q2-019,3785.916391043836,6.475163103256905,1,109.23098976063638,23.009817204719436,398.2391662597656
Q2-019,3805.5691228844753,7.554356953799718,1,109.23126945816342,23.01246648829326,398.2391662597656
Q2-019,3825.2218547251146,8.63355080434253,1,109.23154915569046,23.01511577186708,398.2391662597656
Q2-019,3844.874586565754,9.712744654885345,1,109.23182885321751,23.017765055440904,398.2391662597656
Q2-019,3864.527318406393,10.791938505428158,1,109.23210855074456,23.020414339014728,398.2391662597656
Q2-019,3884.1800502470323,11.871132355970971,1,109.23238824827159,23.023063622588552,398.2391662597656
Q2-019,3903.8327820876716,12.950326206513783,1,109.23266794579864,23.025712906162376,398.2391662597656
Q2-019,3923.485513928311,14.029520057056597,1,109.23294764332569,23.0283621897362,398.2391662597656
Q2-019,3943.1382457689506,15.108713907599435,1,109.23322734085274,23.031011473310024,398.2391662597656
Q2-019,3962.79097760959,16.18790775814225,1,109.23350703837977,23.033660756883847,398.2391662597656
Q2-019,3982.443709450229,17.26710160868506,1,109.23378673590682,23.036310040457668,398.2391662597656
Q2-019,4002.0964412908684,18.346295459227875,1,109.23406643343387,23.03895932403149,398.2391662597656
Q2-019,4021.7491731315076,19.42548930977069,1,109.23434613096092,23.041608607605315,398.2391662597656
Q2-019,4041.401904972147,20.5046831603135,1,109.23462582848795,23.04425789117914,398.2391662597656
Q2-019,4061.054636812786,21.583877010856316,1,109.234905526015,23.046907174752963,398.2391662597656
Q2-019,4080.7073686534254,22.663070861399127,1,109.23518522354205,23.049556458326787,398.2391662597656
Q2-019,4100.360100494065,23.742264711941942,1,109.23546492106908,23.05220574190061,398.2391662597656
Q2-019,4120.012832334704,24.821458562484782,1,109.23574461859613,23.05485502547443,398.2391662597656
Q2-019,4139.665564175343,25.900652413027565,1,109.23602431612318,23.057504309048255,398.2391662597656
Q2-019,4159.318296015983,26.979846263570405,0,109.23630401365023,23.06015359262208,398.2391662597656
Q2-019,4178.971027856622,28.059040114113195,0,109.23658371117726,23.062802876195903,398.2391662597656
Q2-019,4198.623759697261,29.13823396465603,0,109.23686340870431,23.065452159769727,398.2391662597656
Q2-019,4218.276491537901,30.21742781519887,0,109.23714310623136,23.06810144334355,398.2391662597656
Q2-019,4237.92922337854,31.296621665741657,0,109.2374228037584,23.070750726917375,398.2391662597656
Q2-019,4257.58195521918,32.3758155162845,0,109.23770250128544,23.0734000104912,398.2391662597656
Q2-019,4277.2346870598185,33.45500936682729,0,109.23798219881249,23.07604929406502,398.2391662597656
Q2-019,4296.887418900458,34.53420321737012,0,109.2381714,23.0778414,385.5218547251129
Q2-019,4316.540150741097,35.61339706791291,0,109.2381714,23.0778414,346.2163910438353
Q2-019,4336.192882581737,36.69259091845575,0,109.2381714,23.0778414,306.91092736255587
Q2-019,4355.8456144223765,37.771784768998586,0,109.2381714,23.0778414,267.60546368127643
Q2-019,4375.498346263015,38.85097861954138,0,109.2381714,23.0778414,228.3
Q2-019,4395.298346263015,39.93825943189956,0,109.2381714,23.0778414,228.3
Q2-019,4415.098346263016,41.025540244257755,0,109.2381714,23.0778414,228.3
Q2-019,4434.898346263015,42.112821056615886,0,109.2381714,23.0778414,228.3
Q2-019,4454.698346263015,43.20010186897408,0,109.2381714,23.0778414,228.3
Q2-019,4474.498346263015,44.28738268133227,0,109.2381714,23.0778414,228.3
Q2-019,4494.298346263015,45.374663493690456,0,109.2381714,23.0778414,228.3
Q2-019,4514.098346263016,46.46194430604865,0,109.2381714,23.0778414,228.3
Q2-019,4533.898346263015,47.54922511840678,0,109.2381714,23.0778414,228.3
Q2-019,4553.698346263015,48.636505930764976,0,109.2381714,23.0778414,228.3
Q2-019,4573.498346263015,49.72378674312316,0,109.2381714,23.0778414,228.3
Q2-019,4593.298346263015,50.81106755548135,0,109.2381714,23.0778414,228.3
Q2-019,4613.098346263016,51.898348367839546,0,109.2381714,23.0778414,228.3
Q2-019,4632.898346263015,52.98562918019768,0,109.2381714,23.0778414,228.3
Q2-019,4652.698346263015,54.07290999255587,0,109.2381714,23.0778414,228.3
Q2-019,4672.498346263015,55.16019080491406,0,109.2381714,23.0778414,228.3
Q2-019,4692.298346263015,56.24747161727225,0,109.2381714,23.0778414,228.3
Q2-019,4712.098346263016,57.33475242963044,0,109.2381714,23.0778414,228.3
Q2-019,4731.898346263015,58.42203324198857,0,109.2381714,23.0778414,228.3
Q2-019,4751.698346263015,59.50931405434677,0,109.2381714,23.0778414,228.3
Q2-019,4771.498346263015,60.59659486670495,0,109.2381714,23.0778414,228.3
Q2-019,4791.430522548099,61.69113389818539,0,109.2381714,23.0778414,278.1304407127114
Q2-019,4811.362698833183,62.78567292966577,0,109.2381714,23.0778414,327.96088142541936
Q2-019,4831.294875118267,63.880211961146216,0,109.2381714,23.0778414,377.7913221381296
Q2-019,4851.22705140335,64.97475099262661,0,109.23800413084533,23.07625703338601,398.2391662597656
Q2-019,4871.159227688434,66.06929002410703,0,109.23772045626713,23.073570079345686,398.2391662597656
Q2-019,4891.091403973518,67.16382905558747,0,109.23743678168891,23.07088312530536,398.2391662597656
Q2-019,4911.023580258601,68.25836808706786,0,109.2371531071107,23.068196171265036,398.2391662597656
Q2-019,4930.955756543685,69.3529071185483,0,109.2368694325325,23.06550921722471,398.2391662597656
Q2-019,4950.887932828769,70.44744615002874,0,109.23658575795429,23.062822263184387,398.2391662597656
Q2-019,4970.820109113853,71.54198518150913,0,109.23630208337607,23.060135309144062,398.2391662597656
Q2-019,4990.752285398937,72.63652421298956,1,109.23601840879786,23.057448355103737,398.2391662597656
Q2-019,5010.68446168402,73.73106324446995,1,109.23573473421966,23.054761401063413,398.2391662597656
Q2-019,5030.616637969104,74.82560227595039,1,109.23545105964145,23.052074447023088,398.2391662597656
Q2-019,5050.548814254188,75.92014130743082,1,109.23516738506324,23.049387492982763,398.2391662597656
Q2-019,5070.480990539271,77.0146803389112,1,109.23488371048504,23.04670053894244,398.2391662597656
Q2-019,5090.413166824355,78.10921937039166,1,109.23460003590682,23.044013584902114,398.2391662597656
Q2-019,5110.3453431094385,79.20375840187204,1,109.23431636132861,23.04132663086179,398.2391662597656
Q2-019,5130.277519394523,80.29829743335247,1,109.2340326867504,23.038639676821465,398.2391662597656
Q2-019,5150.209695679607,81.39283646483291,1,109.2337490121722,23.03595272278114,398.2391662597656
Q2-019,5170.14187196469,82.4873754963133,1,109.23346533759398,23.033265768740815,398.2391662597656
Q2-019,5190.074048249774,83.58191452779373,1,109.23318166301577,23.03057881470049,398.2391662597656
Q2-019,5210.006224534857,84.67645355927414,1,109.23289798843756,23.027891860660166,398.2391662597656
Q2-019,5229.938400819941,85.77099259075456,1,109.23261431385936,23.02520490661984,398.2391662597656
Q2-019,5249.870577105025,86.865531622235,1,109.23233063928114,23.022517952579516,398.2391662597656
Q2-019,5269.802753390109,87.96007065371539,1,109.23204696470293,23.01983099853919,398.2391662597656
Q2-019,5289.734929675193,89.05460968519583,1,109.23176329012473,23.017144044498867,398.2391662597656
Q2-019,5309.667105960276,90.14914871667621,1,109.23147961554652,23.014457090458542,398.2391662597656
Q2-019,5329.59928224536,91.24368774815666,1,109.2311959409683,23.011770136418217,398.2391662597656
Q2-019,5349.531458530444,92.33822677963708,1,109.23091226639009,23.009083182377893,398.2391662597656
Q2-019,5369.463634815527,93.43276581111748,1,109.2308517,23.0085095,366.88611542100443
Q2-019,5389.395811100611,94.52730484259791,1,109.2308517,23.0085095,327.02176285083624
Q2-019,5409.327987385695,95.62184387407835,1,109.2308517,23.0085095,287.15741028066805
Q2-019,5429.260163670779,96.71638290555873,1,109.2308517,23.0085095,247.29305771050167
Q2-019,5449.192339955863,97.81092193703918,1,109.2308517,23.0085095,207.42870514033348
Q2-019,5469.124516240946,98.90546096851956,1,109.2308517,23.0085095,167.5643525701671
Q2-019,5489.05669252603,100.0,1,109.2308517,23.0085095,127.7
Q2-002,360.0,0.0,1,109.2308517,23.0085095,127.7
Q2-002,379.85345069327235,1.4942987254030755,1,109.2308517,23.0085095,187.26035207981704
Q2-002,399.70690138654464,2.9885974508061466,1,109.2308517,23.0085095,246.82070415963392
Q2-002,419.560352079817,4.4828961762092225,1,109.23106646939667,23.008940956813582,293.2289123535156
Q2-002,439.4138027730893,5.977194901612293,1,109.23203906679159,23.010894837484827,293.2289123535156
Q2-002,459.26725346636164,7.471493627015369,1,109.23301166418649,23.01284871815607,293.2289123535156
Q2-002,479.120704159634,8.965792352418445,1,109.23398426158141,23.014802598827316,293.2289123535156
Q2-002,498.9741548529063,10.460091077821517,1,109.23495685897633,23.01675647949856,293.2289123535156
Q2-002,518.8276055461786,11.954389803224586,1,109.23592945637125,23.018710360169806,293.2289123535156
Q2-002,538.681056239451,13.448688528627667,1,109.23690205376617,23.020664240841054,293.2289123535156
Q2-002,558.5345069327233,14.942987254030738,1,109.23787465116109,23.0226181215123,293.2289123535156
Q2-002,578.3879576259956,16.437285979433806,1,109.23884724855601,23.024572002183543,293.2289123535156
Q2-002,598.241408319268,17.93158470483689,1,109.23981984595092,23.026525882854788,293.2289123535156
Q2-002,618.0948590125403,19.42588343023996,1,109.24079244334584,23.028479763526033,293.2289123535156
Q2-002,637.9483097058126,20.920182155643033,1,109.24176504074076,23.030433644197277,293.2289123535156
Q2-002,657.801760399085,22.41448088104611,1,109.24273763813568,23.032387524868525,293.2289123535156
Q2-002,677.6552110923573,23.908779606449183,1,109.2437102355306,23.03434140553977,293.2289123535156
Q2-002,697.5086617856296,25.40307833185225,1,109.24468283292552,23.036295286211015,293.2289123535156
Q2-002,717.362112478902,26.897377057255333,1,109.24565543032044,23.03824916688226,293.2289123535156
Q2-002,737.2155631721743,28.391675782658403,1,109.24662802771535,23.040203047553504,293.2289123535156
Q2-002,757.0690138654465,29.885974508061476,0,109.24760062511027,23.042156928224752,293.2289123535156
Q2-002,776.922464558719,31.380273233464553,0,109.24857322250519,23.044110808895997,293.2289123535156
Q2-002,796.7759152519913,32.87457195886763,0,109.2495458199001,23.046064689567242,293.2289123535156
Q2-002,816.6293659452635,34.368870684270696,0,109.25051841729503,23.048018570238487,293.2289123535156
Q2-002,836.482816638536,35.86316940967378,0,109.25149101468995,23.04997245090973,293.2289123535156
Q2-002,856.3362673318082,37.35746813507685,0,109.25246361208487,23.051926331580976,293.2289123535156
Q2-002,876.1897180250805,38.85176686047992,0,109.25343620947977,23.053880212252224,293.2289123535156
Q2-002,896.043168718353,40.346065585883004,0,109.2541424,23.0552989,279.63362673318056
Q2-002,915.8966194116252,41.840364311286066,0,109.2541424,23.0552989,230.0
Q2-002,934.9875285025344,43.27726923839773,0,109.2541424,23.0552989,230.0
Q2-002,954.0784375934434,44.71417416550939,0,109.2541424,23.0552989,230.0
Q2-002,973.1693466843525,46.151079092621046,0,109.2541424,23.0552989,230.0
Q2-002,992.2602557752616,47.58798401973271,0,109.2541424,23.0552989,230.0
Q2-002,1011.3511648661706,49.024888946844364,0,109.2541424,23.0552989,230.0
Q2-002,1030.4420739570796,50.46179387395601,0,109.2541424,23.0552989,230.0
Q2-002,1049.5329830479889,51.89869880106769,0,109.2541424,23.0552989,230.0
Q2-002,1068.6238921388979,53.33560372817935,0,109.2541424,23.0552989,230.0
Q2-002,1087.7148012298069,54.772508655291,0,109.2541424,23.0552989,230.0
Q2-002,1106.8057103207161,56.209413582402675,0,109.2541424,23.0552989,230.0
Q2-002,1125.8966194116251,57.64631850951432,0,109.2541424,23.0552989,230.0
Q2-002,1145.3006407706466,59.106790285048305,0,109.2541424,23.0552989,288.2120640770645
Q2-002,1164.7046621296683,60.5672620605823,0,109.25327374280603,23.053553827979332,293.2289123535156
Q2-002,1184.1086834886898,62.02773383611629,0,109.25232316243005,23.051644177971202,293.2289123535156
Q2-002,1203.5127048477113,63.48820561165027,0,109.25137258205405,23.04973452796307,293.2289123535156
Q2-002,1222.9167262067328,64.94867738718426,0,109.25042200167806,23.04782487795494,293.2289123535156
Q2-002,1242.3207475657546,66.40914916271826,0,109.24947142130208,23.04591522794681,293.2289123535156
Q2-002,1261.724768924776,67.86962093825224,0,109.24852084092608,23.04400557793868,293.2289123535156
Q2-002,1281.1287902837976,69.33009271378623,0,109.24757026055009,23.04209592793055,293.2289123535156
Q2-002,1300.532811642819,70.79056448932022,1,109.24661968017409,23.04018627792242,293.2289123535156
Q2-002,1319.9368330018408,72.25103626485422,1,109.2456690997981,23.03827662791429,293.2289123535156
Q2-002,1339.3408543608623,73.7115080403882,1,109.24471851942212,23.03636697790616,293.2289123535156
Q2-002,1358.7448757198838,75.17197981592219,1,109.24376793904612,23.03445732789803,293.2289123535156
Q2-002,1378.1488970789055,76.63245159145619,1,109.24281735867014,23.032547677889898,293.2289123535156
Q2-002,1397.552918437927,78.09292336699016,1,109.24186677829415,23.030638027881768,293.2289123535156
Q2-002,1416.9569397969485,79.55339514252415,1,109.24091619791815,23.028728377873637,293.2289123535156
Q2-002,1436.36096115597,81.01386691805814,1,109.23996561754217,23.026818727865507,293.2289123535156
Q2-002,1455.7649825149917,82.47433869359213,1,109.23901503716617,23.024909077857377,293.2289123535156
Q2-002,1475.1690038740132,83.93481046912612,1,109.23806445679018,23.022999427849246,293.2289123535156
Q2-002,1494.5730252330347,85.39528224466011,1,109.2371138764142,23.021089777841116,293.2289123535156
Q2-002,1513.9770465920565,86.85575402019411,1,109.2361632960382,23.019180127832986,293.2289123535156
Q2-002,1533.381067951078,88.3162257957281,1,109.23521271566221,23.017270477824855,293.2289123535156
Q2-002,1552.7850893100995,89.77669757126208,1,109.23426213528623,23.015360827816725,293.2289123535156
Q2-002,1572.189110669121,91.23716934679607,1,109.23331155491023,23.013451177808594,293.2289123535156
Q2-002,1591.5931320281425,92.69764112233004,1,109.23236097453425,23.011541527800464,293.2289123535156
Q2-002,1610.9971533871642,94.15811289786404,1,109.23141039415825,23.009631877792334,293.2289123535156
Q2-002,1630.4011747461857,95.61858467339803,1,109.2308517,23.0085095,273.23016019266163
Q2-002,1649.8051961052074,97.07905644893204,1,109.2308517,23.0085095,224.7201067951073
Q2-002,1669.209217464229,98.53952822446601,1,109.2308517,23.0085095,176.21005339755342
Q2-002,1688.6132388232504,99.99999999999999,1,109.2308517,23.0085095,127.7
Q2-018,3538.0,0.0,1,109.2308517,23.0085095,127.7
Q2-018,3557.5859441597595,1.3617647317992057,1,109.2308517,23.0085095,186.45783247927847
Q2-018,3577.171888319519,2.7235294635984113,1,109.2308517,23.0085095,245.21566495855694
Q2-018,3596.7578324792785,4.0852941953976165,1,109.2308517,23.0085095,303.9734974378354
Q2-018,3616.343776639038,5.447058927196823,1,109.2308517,23.0085095,362.7313299171139
Q2-018,3635.9297207987975,6.808823658996028,1,109.2308517,23.0085095,421.4891623963924
Q2-018,3655.515664958557,8.170588390795233,1,109.2308517,23.0085095,480.24699487567085
Q2-018,3675.1016091183164,9.532353122594438,1,109.2308517,23.0085095,539.0048273549494
Q2-018,3694.6875532780755,10.894117854393613,1,109.23002058918063,23.00939401624206,571.7992553710938
Q2-018,3714.273497437835,12.255882586192817,1,109.2281397006259,23.011395766715502,571.7992553710938
Q2-018,3733.8594415975945,13.617647317992025,1,109.22625881207118,23.013397517188942,571.7992553710938
Q2-018,3753.445385757354,14.979412049791229,1,109.22437792351646,23.015399267662385,571.7992553710938
Q2-018,3773.0313299171135,16.341176781590438,1,109.22249703496173,23.017401018135825,571.7992553710938
Q2-018,3792.617274076873,17.70294151338964,1,109.22061614640701,23.019402768609265,571.7992553710938
Q2-018,3812.2032182366324,19.064706245188848,1,109.21873525785229,23.021404519082708,571.7992553710938
Q2-018,3831.789162396392,20.42647097698805,1,109.21685436929756,23.023406269556148,571.7992553710938
Q2-018,3851.3751065561514,21.78823570878726,1,109.21497348074283,23.02540802002959,571.7992553710938
Q2-018,3870.961050715911,23.150000440586464,1,109.2130925921881,23.02740977050303,571.7992553710938
Q2-018,3890.5469948756704,24.51176517238567,1,109.21121170363338,23.029411520976474,571.7992553710938
Q2-018,3910.13293903543,25.873529904184874,1,109.20933081507866,23.031413271449914,571.7992553710938
Q2-018,3929.7188831951894,27.235294635984083,1,109.20744992652394,23.033415021923354,571.7992553710938
Q2-018,3949.3048273549484,28.597059367783253,0,109.20556903796921,23.035416772396797,571.7992553710938
Q2-018,3968.890771514708,29.958824099582458,0,109.20368814941449,23.037418522870237,571.7992553710938
Q2-018,3988.4767156744674,31.320588831381666,0,109.20180726085977,23.03942027334368,571.7992553710938
Q2-018,4008.062659834227,32.682353563180875,0,109.19992637230504,23.04142202381712,571.7992553710938
Q2-018,4027.6486039939864,34.04411829498007,0,109.19804548375032,23.04342377429056,571.7992553710938
Q2-018,4047.234548153746,35.40588302677928,0,109.19616459519558,23.045425524764003,571.7992553710938
Q2-018,4066.8204923135054,36.76764775857849,0,109.19428370664086,23.047427275237443,571.7992553710938
Q2-018,4086.406436473265,38.129412490377696,0,109.19240281808614,23.049429025710886,571.7992553710938
Q2-018,4105.992380633024,39.4911772221769,0,109.1923786,23.0494548,523.4648603993977
Q2-018,4125.578324792784,40.8529419539761,0,109.1923786,23.0494548,474.5
Q2-018,4145.578324792784,42.24349501661276,0,109.1923786,23.0494548,474.5
Q2-018,4165.578324792784,43.63404807924942,0,109.1923786,23.0494548,474.5
Q2-018,4185.578324792784,45.02460114188607,0,109.1923786,23.0494548,474.5
Q2-018,4205.578324792784,46.41515420452273,0,109.1923786,23.0494548,474.5
Q2-018,4225.578324792784,47.805707267159384,0,109.1923786,23.0494548,474.5
Q2-018,4245.578324792783,49.19626032979598,0,109.1923786,23.0494548,474.5
Q2-018,4265.578324792783,50.58681339243264,0,109.1923786,23.0494548,474.5
Q2-018,4285.578324792783,51.9773664550693,0,109.1923786,23.0494548,474.5
Q2-018,4305.578324792783,53.36791951770596,0,109.1923786,23.0494548,474.5
Q2-018,4325.578324792783,54.75847258034261,0,109.1923786,23.0494548,474.5
Q2-018,4345.578324792783,56.14902564297927,0,109.1923786,23.0494548,474.5
Q2-018,4365.578324792783,57.53957870561593,0,109.1923786,23.0494548,474.5
Q2-018,4385.278270753841,58.90926971511222,0,109.1923786,23.0494548,533.5998378831723
Q2-018,4404.978216714898,60.27896072460844,0,109.19304764036197,23.048742768520007,571.7992553710938
Q2-018,4424.678162675956,61.64865173410472,0,109.19493947680266,23.046729366672608,571.7992553710938
Q2-018,4444.378108637013,63.01834274360095,0,109.19683131324335,23.04471596482521,571.7992553710938
Q2-018,4464.078054598071,64.38803375309722,0,109.19872314968404,23.042702562977812,571.7992553710938
Q2-018,4483.7780005591285,65.75772476259351,0,109.20061498612475,23.040689161130413,571.7992553710938
Q2-018,4503.4779465201855,67.12741577208973,0,109.20250682256544,23.038675759283013,571.7992553710938
Q2-018,4523.177892481243,68.49710678158601,0,109.20439865900613,23.036662357435613,571.7992553710938
Q2-018,4542.877838442301,69.8667977910823,1,109.20629049544682,23.034648955588214,571.7992553710938
Q2-018,4562.577784403358,71.23648880057853,1,109.20818233188753,23.032635553740814,571.7992553710938
Q2-018,4582.277730364416,72.6061798100748,1,109.21007416832822,23.030622151893418,571.7992553710938
Q2-018,4601.977676325473,73.97587081957103,1,109.21196600476891,23.02860875004602,571.7992553710938
Q2-018,4621.677622286531,75.34556182906731,1,109.2138578412096,23.02659534819862,571.7992553710938
Q2-018,4641.377568247589,76.7152528385636,1,109.21574967765031,23.02458194635122,571.7992553710938
Q2-018,4661.077514208646,78.08494384805982,1,109.217641514091,23.02256854450382,571.7992553710938
Q2-018,4680.777460169704,79.4546348575561,1,109.21953335053169,23.02055514265642,571.7992553710938
Q2-018,4700.477406130761,80.82432586705234,1,109.22142518697238,23.018541740809024,571.7992553710938
Q2-018,4720.177352091819,82.19401687654862,1,109.22331702341307,23.016528338961624,571.7992553710938
Q2-018,4739.8772980528765,83.5637078860449,1,109.22520885985378,23.014514937114225,571.7992553710938
Q2-018,4759.5772440139335,84.93339889554112,1,109.22710069629447,23.012501535266825,571.7992553710938
Q2-018,4779.277189974991,86.30308990503741,1,109.22899253273516,23.010488133419425,571.7992553710938
Q2-018,4798.977135936049,87.67278091453369,1,109.2308517,23.0085095,570.948784123794
Q2-018,4818.677081897106,89.04247192402991,1,109.2308517,23.0085095,521.6989192211515
Q2-018,4838.377027858164,90.4121629335262,1,109.2308517,23.0085095,472.44905431850674
Q2-018,4858.076973819221,91.78185394302241,1,109.2308517,23.0085095,423.1991894158643
Q2-018,4877.776919780279,93.15154495251869,1,109.2308517,23.0085095,373.94932451321955
Q2-018,4897.476865741337,94.52123596201498,1,109.2308517,23.0085095,324.6994596105748
Q2-018,4917.176811702394,95.89092697151122,1,109.2308517,23.0085095,275.4495947079322
Q2-018,4936.876757663452,97.26061798100748,1,109.2308517,23.0085095,226.19972980528746
Q2-018,4956.576703624509,98.63030899050372,1,109.2308517,23.0085095,176.949864902645
Q2-018,4976.276649585567,100.0,1,109.2308517,23.0085095,127.70000000000027
Q2-004,360.0,0.0,1,109.2308517,23.0085095,127.7
Q2-004,379.5211548615258,1.1973158319838155,1,109.2308517,23.0085095,186.26346458457743
Q2-004,399.04230972305163,2.394631663967631,1,109.2308517,23.0085095,244.82692916915488
Q2-004,418.5634645845775,3.59194749595145,1,109.2308517,23.0085095,303.3903937537325
Q2-004,438.0846194461033,4.789263327935265,1,109.2308517,23.0085095,361.95385833830994
Q2-004,457.60577430762913,5.9865791599190805,1,109.2308517,23.0085095,420.5173229228874
Q2-004,477.12692916915495,7.183894991902896,1,109.2308517,23.0085095,479.08078750746483
Q2-004,496.6480840306808,8.381210823886715,1,109.2308517,23.0085095,537.6442520920425
Q2-004,516.1692388922066,9.57852665587053,1,109.23101755028252,23.00849912415774,591.9473876953125
Q2-004,535.6903937537325,10.775842487854346,1,109.23329736651016,23.008356495437468,591.9473876953125
Q2-004,555.2115486152583,11.973158319838161,1,109.2355771827378,23.008213866717195,591.9473876953125
Q2-004,574.7327034767841,13.170474151821978,1,109.23785699896544,23.00807123799692,591.9473876953125
Q2-004,594.2538583383099,14.367789983805793,1,109.24013681519308,23.007928609276647,591.9473876953125
Q2-004,613.7750131998358,15.565105815789614,1,109.24241663142072,23.007785980556374,591.9473876953125
Q2-004,633.2961680613616,16.76242164777343,1,109.24469644764837,23.0076433518361,591.9473876953125
Q2-004,652.8173229228873,17.959737479757237,1,109.24697626387601,23.007500723115825,591.9473876953125
Q2-004,672.3384777844133,19.15705331174106,1,109.24925608010365,23.007358094395553,591.9473876953125
Q2-004,691.8596326459391,20.354369143724874,1,109.25153589633129,23.00721546567528,591.9473876953125
Q2-004,711.3807875074649,21.551684975708692,1,109.25381571255893,23.007072836955004,591.9473876953125
Q2-004,730.9019423689907,22.749000807692507,1,109.25609552878657,23.00693020823473,591.9473876953125
Q2-004,750.4230972305165,23.946316639676322,1,109.25837534501422,23.00678757951446,591.9473876953125
Q2-004,769.9442520920425,25.143632471660144,1,109.26065516124186,23.006644950794183,591.9473876953125
Q2-004,789.4654069535682,26.340948303643955,1,109.2629349774695,23.00650232207391,591.9473876953125
Q2-004,808.9865618150941,27.538264135627777,1,109.26521479369714,23.006359693353637,591.9473876953125
Q2-004,828.5077166766198,28.735579967611585,1,109.26749460992478,23.00621706463336,591.9473876953125
Q2-004,848.0288715381457,29.93289579959541,0,109.26977442615242,23.00607443591309,591.9473876953125
Q2-004,867.5500263996717,31.13021163157923,0,109.27205424238007,23.005931807192816,591.9473876953125
Q2-004,887.0711812611974,32.32752746356304,0,109.2743340586077,23.00578917847254,591.9473876953125
Q2-004,906.5923361227232,33.52484329554685,0,109.27661387483535,23.005646549752267,591.9473876953125
Q2-004,926.113490984249,34.722159127530674,0,109.27889369106299,23.005503921031995,591.9473876953125
Q2-004,945.6346458457748,35.91947495951448,0,109.28117350729063,23.005361292311722,591.9473876953125
Q2-004,965.1558007073006,37.116790791498296,0,109.28345332351827,23.005218663591446,591.9473876953125
Q2-004,984.6769555688265,38.31410662348212,0,109.2835966,23.0052097,546.2115486152584
Q2-004,1004.1981104303524,39.51142245546594,0,109.2835966,23.0052097,497.4086614614438
Q2-004,1023.7192652918782,40.70873828744975,0,109.2835966,23.0052097,448.60577430762925
Q2-004,1043.240420153404,41.90605411943358,0,109.2835966,23.0052097,399.8028871538146
Q2-004,1062.7615750149298,43.103369951417385,0,109.2835966,23.0052097,351.00000000000034
Q2-004,1081.8524841058388,44.27429697205998,0,109.2835966,23.0052097,351.0
Q2-004,1100.943393196748,45.44522399270259,0,109.2835966,23.0052097,351.0
Q2-004,1120.034302287657,46.61615101334518,0,109.2835966,23.0052097,351.0
Q2-004,1139.125211378566,47.78707803398777,0,109.2835966,23.0052097,351.0
Q2-004,1158.2161204694753,48.95800505463038,0,109.2835966,23.0052097,351.0
Q2-004,1177.3070295603843,50.12893207527297,0,109.2835966,23.0052097,351.0
Q2-004,1196.3979386512933,51.29985909591557,0,109.2835966,23.0052097,351.0
Q2-004,1215.4888477422026,52.47078611655817,0,109.2835966,23.0052097,351.0
Q2-004,1234.5797568331116,53.641713137200774,0,109.2835966,23.0052097,351.0
Q2-004,1253.6706659240208,54.81264015784338,0,109.2835966,23.0052097,351.0
Q2-004,1272.7615750149298,55.98356717848597,0,109.2835966,23.0052097,351.0
Q2-004,1292.6962483949742,57.20624586797248,0,109.2835966,23.0052097,410.80402014013316
Q2-004,1312.6309217750186,58.42892455745897,0,109.2835966,23.0052097,470.6080402802663
Q2-004,1332.565595155063,59.65160324694548,0,109.2835966,23.0052097,530.4120604203995
Q2-004,1352.5002685351071,60.87428193643197,0,109.2835966,23.0052097,590.216080560532
Q2-004,1372.4349419151515,62.09696062591848,0,109.28133588823316,23.005351133516573,591.9473876953125
Q2-004,1392.369615295196,63.31963931540497,0,109.27900777843705,23.005496783554875,591.9473876953125
Q2-004,1412.3042886752403,64.54231800489147,0,109.27667966864094,23.005642433593177,591.9473876953125
Q2-004,1432.2389620552847,65.76499669437798,0,109.27435155884483,23.005788083631476,591.9473876953125
Q2-004,1452.1736354353288,66.98767538386447,0,109.27202344904872,23.005933733669778,591.9473876953125
Q2-004,1472.1083088153732,68.21035407335097,0,109.2696953392526,23.00607938370808,591.9473876953125
Q2-004,1492.0429821954176,69.43303276283747,1,109.26736722945648,23.006225033746382,591.9473876953125
Q2-004,1511.977655575462,70.65571145232398,1,109.26503911966037,23.006370683784684,591.9473876953125
Q2-004,1531.9123289555064,71.87839014181048,1,109.26271100986426,23.006516333822983,591.9473876953125
Q2-004,1551.8470023355508,73.10106883129698,1,109.26038290006815,23.006661983861285,591.9473876953125
Q2-004,1571.7816757155952,74.32374752078348,1,109.25805479027204,23.006807633899587,591.9473876953125
Q2-004,1591.7163490956393,75.54642621026998,1,109.25572668047593,23.00695328393789,591.9473876953125
Q2-004,1611.6510224756837,76.76910489975648,1,109.2533985706798,23.00709893397619,591.9473876953125
Q2-004,1631.585695855728,77.99178358924298,1,109.2510704608837,23.00724458401449,591.9473876953125
Q2-004,1651.5203692357725,79.21446227872948,1,109.24874235108759,23.007390234052792,591.9473876953125
Q2-004,1671.4550426158169,80.437140968216,1,109.24641424129148,23.007535884091094,591.9473876953125
Q2-004,1691.389715995861,81.65981965770249,1,109.24408613149537,23.007681534129397,591.9473876953125
Q2-004,1711.3243893759054,82.88249834718899,1,109.24175802169925,23.0078271841677,591.9473876953125
Q2-004,1731.2590627559498,84.10517703667549,1,109.23942991190313,23.007972834206,591.9473876953125
Q2-004,1751.1937361359942,85.327855726162,1,109.23710180210702,23.0081184842443,591.9473876953125
Q2-004,1771.1284095160386,86.5505344156485,1,109.23477369231091,23.0082641342826,591.9473876953125
Q2-004,1791.063082896083,87.773213105135,1,109.2324455825148,23.008409784320904,591.9473876953125
Q2-004,1810.9977562761273,88.99589179462151,1,109.2308517,23.0085095,576.2301510509975
Q2-004,1830.9324296561717,90.218570484108,1,109.2308517,23.0085095,526.3934676008865
Q2-004,1850.8671030362161,91.4412491735945,1,109.2308517,23.0085095,476.55678415077557
Q2-004,1870.8017764162603,92.663927863081,1,109.2308517,23.0085095,426.72010070066517
Q2-004,1890.7364497963047,93.8866065525675,1,109.2308517,23.0085095,376.8834172505542
Q2-004,1910.6711231763488,95.109285242054,1,109.2308517,23.0085095,327.0467338004438
Q2-004,1930.6057965563932,96.3319639315405,1,109.2308517,23.0085095,277.21005035033284
Q2-004,1950.5404699364376,97.554642621027,1,109.2308517,23.0085095,227.37336690022187
Q2-004,1970.475143316482,98.77732131051349,1,109.2308517,23.0085095,177.5366834501109
Q2-004,1990.4098166965264,99.99999999999999,1,109.2308517,23.0085095,127.7
Q2-005,390.0,0.0,1,109.2308517,23.0085095,127.7
Q2-005,409.7924544111218,1.6983697782074858,1,109.2308517,23.0085095,187.07736323336542
Q2-005,429.5849088222436,3.3967395564149716,1,109.2308517,23.0085095,246.45472646673085
Q2-005,449.37736323336543,5.095109334622458,1,109.2308517,23.0085095,305.8320897000963
Q2-005,469.16981764448724,6.793479112829943,1,109.2308517,23.0085095,365.2094529334617
Q2-005,488.96227205560905,8.491848891037428,1,109.2308517,23.0085095,424.58681616682713
Q2-005,508.75472646673086,10.190218669244915,1,109.23313273793384,23.009059564021833,435.63653564453125
Q2-005,528.5471808778527,11.888588447452406,1,109.23593531648766,23.00973539567196,435.63653564453125
Q2-005,548.3396352889745,13.586958225659886,1,109.23873789504148,23.010411227322088,435.63653564453125
Q2-005,568.1320897000962,15.285328003867365,1,109.24154047359531,23.011087058972212,435.63653564453125
Q2-005,587.9245441112181,16.983697782074856,1,109.24434305214913,23.01176289062234,435.63653564453125
Q2-005,607.7169985223398,18.682067560282338,1,109.24714563070295,23.012438722272464,435.63653564453125
Q2-005,627.5094529334617,20.38043733848983,1,109.24994820925677,23.01311455392259,435.63653564453125
Q2-005,647.3019073445835,22.07880711669731,1,109.2527507878106,23.01379038557272,435.63653564453125
Q2-005,667.0943617557053,23.777176894904798,1,109.25555336636442,23.014466217222843,435.63653564453125
Q2-005,686.8868161668271,25.47554667311228,1,109.25835594491824,23.01514204887297,435.63653564453125
Q2-005,706.679270577949,27.173916451319773,1,109.26115852347206,23.015817880523095,435.63653564453125
Q2-005,726.4717249890707,28.87228622952725,1,109.26396110202589,23.016493712173222,435.63653564453125
Q2-005,746.2641794001926,30.570656007734744,1,109.26676368057971,23.01716954382335,435.63653564453125
Q2-005,766.0566338113143,32.269025785942226,0,109.26956625913353,23.017845375473474,435.63653564453125
Q2-005,785.8490882224362,33.96739556414971,0,109.27236883768735,23.0185212071236,435.63653564453125
Q2-005,805.641542633558,35.6657653423572,0,109.27517141624118,23.019197038773726,435.63653564453125
Q2-005,825.4339970446797,37.364135120564676,0,109.2760168,23.0194009,401.0811360278047
Q2-005,845.2264514558016,39.06250489877217,0,109.2760168,23.0194009,351.6
Q2-005,865.2264514558016,40.77868394653406,0,109.2760168,23.0194009,351.6
Q2-005,885.2264514558016,42.49486299429596,0,109.2760168,23.0194009,351.6
Q2-005,905.2264514558016,44.21104204205785,0,109.2760168,23.0194009,351.6
Q2-005,925.2264514558016,45.92722108981974,0,109.2760168,23.0194009,351.6
Q2-005,945.2264514558016,47.64340013758164,0,109.2760168,23.0194009,351.6
Q2-005,965.2264514558015,49.35957918534351,0,109.2760168,23.0194009,351.6
Q2-005,985.2264514558015,51.07575823310541,0,109.2760168,23.0194009,351.6
Q2-005,1005.2264514558015,52.7919372808673,0,109.2760168,23.0194009,351.6
Q2-005,1025.2264514558015,54.50811632862919,0,109.2760168,23.0194009,351.6
Q2-005,1045.2264514558015,56.22429537639109,0,109.2760168,23.0194009,351.6
Q2-005,1065.2264514558015,57.94047442415298,0,109.2760168,23.0194009,351.6
Q2-005,1085.2264514558015,59.65665347191488,0,109.2760168,23.0194009,351.6
Q2-005,1104.8161647109043,61.33762624391842,0,109.2760168,23.0194009,410.36913976530866
Q2-005,1124.4058779660072,63.01859901592198,0,109.27443553630255,23.019019583996396,435.63653564453125
Q2-005,1143.9955912211099,64.6995717879255,0,109.27166166555848,23.01835067513044,435.63653564453125
Q2-005,1163.5853044762127,66.38054455992906,0,109.26888779481442,23.017681766264477,435.63653564453125
Q2-005,1183.1750177313156,68.0615173319326,1,109.26611392407035,23.01701285739852,435.63653564453125
Q2-005,1202.7647309864185,69.74249010393615,1,109.26334005332629,23.016343948532562,435.63653564453125
Q2-005,1222.3544442415214,71.4234628759397,1,109.26056618258221,23.0156750396666,435.63653564453125
Q2-005,1241.9441574966243,73.10443564794326,1,109.25779231183814,23.015006130800643,435.63653564453125
Q2-005,1261.5338707517271,74.7854084199468,1,109.25501844109408,23.01433722193468,435.63653564453125
Q2-005,1281.1235840068298,76.46638119195033,1,109.25224457035002,23.013668313068724,435.63653564453125
Q2-005,1300.7132972619327,78.14735396395389,1,109.24947069960595,23.012999404202763,435.63653564453125
Q2-005,1320.3030105170355,79.82832673595745,1,109.24669682886189,23.012330495336805,435.63653564453125
Q2-005,1339.8927237721384,81.50929950796099,1,109.24392295811782,23.011661586470844,435.63653564453125
Q2-005,1359.4824370272413,83.19027227996453,1,109.24114908737374,23.010992677604886,435.63653564453125
Q2-005,1379.072150282344,84.87124505196807,1,109.23837521662968,23.010323768738925,435.63653564453125
Q2-005,1398.6618635374468,86.55221782397162,1,109.23560134588561,23.009654859872967,435.63653564453125
Q2-005,1418.2515767925497,88.23319059597517,1,109.23282747514155,23.00898595100701,435.63653564453125
Q2-005,1437.8412900476526,89.91416336797872,1,109.2308517,23.0085095,421.5456988265428
Q2-005,1457.4310033027555,91.59513613998226,1,109.2308517,23.0085095,372.5714156887856
Q2-005,1477.0207165578583,93.27610891198583,1,109.2308517,23.0085095,323.5971325510284
Q2-005,1496.610429812961,94.95708168398934,1,109.2308517,23.0085095,274.62284941327175
Q2-005,1516.2001430680639,96.6380544559929,1,109.2308517,23.0085095,225.64856627551455
Q2-005,1535.7898563231668,98.31902722799644,1,109.2308517,23.0085095,176.67428313775736
Q2-005,1555.3795695782696,100.0,1,109.2308517,23.0085095,127.70000000000016
Q2-006,390.0,0.0,1,109.2308517,23.0085095,127.7
Q2-006,409.6713408634788,1.7556293282309017,1,109.2308517,23.0085095,186.7140225904364
Q2-006,429.3426817269576,3.5112586564618034,1,109.2308517,23.0085095,245.7280451808728
Q2-006,449.0140225904364,5.266887984692705,1,109.2308517,23.0085095,304.7420677713092
Q2-006,468.68536345391516,7.022517312923601,1,109.2308517,23.0085095,363.75609036174546
Q2-006,488.35670431739396,8.778146641154503,1,109.23183750888809,23.00905865062941,399.18182373046875
Q2-006,508.02804518087277,10.533775969385404,1,109.23430384069555,23.01043253524414,399.18182373046875
Q2-006,527.6993860443515,12.289405297616302,1,109.23677017250301,23.01180641985887,399.18182373046875
Q2-006,547.3707269078303,14.045034625847203,1,109.23923650431048,23.0131803044736,399.18182373046875
Q2-006,567.0420677713091,15.800663954078104,1,109.24170283611794,23.014554189088333,399.18182373046875
Q2-006,586.7134086347879,17.556293282309007,1,109.2441691679254,23.015928073703062,399.18182373046875
Q2-006,606.3847494982667,19.311922610539906,1,109.24663549973288,23.017301958317795,399.18182373046875
Q2-006,626.0560903617455,21.06755193877081,1,109.24910183154033,23.018675842932524,399.18182373046875
Q2-006,645.7274312252243,22.82318126700171,1,109.2515681633478,23.020049727547253,399.18182373046875
Q2-006,665.398772088703,24.578810595232603,1,109.25403449515527,23.021423612161986,399.18182373046875
Q2-006,685.070112952182,26.334439923463513,1,109.25650082696272,23.022797496776715,399.18182373046875
Q2-006,704.7414538156606,28.090069251694405,1,109.25896715877019,23.024171381391447,399.18182373046875
Q2-006,724.4127946791396,29.84569857992532,1,109.26143349057766,23.025545266006176,399.18182373046875
Q2-006,744.0841355426182,31.601327908156208,0,109.26389982238511,23.02691915062091,399.18182373046875
Q2-006,763.7554764060972,33.35695723638712,0,109.26636615419258,23.028293035235638,399.18182373046875
Q2-006,783.4268172695758,35.11258656461801,0,109.26883248600005,23.02966691985037,399.18182373046875
Q2-006,803.0981581330547,36.868215892848916,0,109.2712988178075,23.0310408044651,399.18182373046875
Q2-006,822.7694989965335,38.62384522107981,0,109.2713839,23.0310882,351.70000000000005
Q2-006,842.7694989965335,40.40880674496896,0,109.2713839,23.0310882,351.7
Q2-006,862.7694989965335,42.193768268858115,0,109.2713839,23.0310882,351.7
Q2-006,882.7694989965335,43.97872979274727,0,109.2713839,23.0310882,351.7
Q2-006,902.7694989965335,45.76369131663641,0,109.2713839,23.0310882,351.7
Q2-006,922.7694989965335,47.54865284052556,0,109.2713839,23.0310882,351.7
Q2-006,942.7694989965335,49.333614364414714,0,109.2713839,23.0310882,351.7
Q2-006,962.7694989965335,51.118575888303866,0,109.2713839,23.0310882,351.7
Q2-006,982.7694989965335,52.90353741219301,0,109.2713839,23.0310882,351.7
Q2-006,1002.7694989965335,54.68849893608216,0,109.2713839,23.0310882,351.7
Q2-006,1022.7694989965335,56.473460459971314,0,109.2713839,23.0310882,351.7
Q2-006,1042.7694989965335,58.258421983860465,0,109.2713839,23.0310882,351.7
Q2-006,1062.7694989965335,60.04338350774962,0,109.2713839,23.0310882,351.7
Q2-006,1082.2348395326146,61.780627703064845,0,109.27092777055488,23.030834110414368,399.18182373046875
Q2-006,1101.7001800686958,63.51787189838008,0,109.26848726643061,23.02947461326221,399.18182373046875
Q2-006,1121.165520604777,65.25511609369532,0,109.26604676230633,23.028115116110055,399.18182373046875
Q2-006,1140.630861140858,66.99236028901055,1,109.26360625818207,23.026755618957896,399.18182373046875
Q2-006,1160.0962016769392,68.72960448432578,1,109.2611657540578,23.025396121805738,399.18182373046875
Q2-006,1179.5615422130204,70.46684867964102,1,109.25872524993352,23.024036624653583,399.18182373046875
Q2-006,1199.0268827491016,72.20409287495625,1,109.25628474580925,23.022677127501424,399.18182373046875
Q2-006,1218.4922232851827,73.94133707027147,1,109.25384424168497,23.021317630349266,399.18182373046875
Q2-006,1237.9575638212639,75.67858126558671,1,109.25140373756071,23.01995813319711,399.18182373046875
Q2-006,1257.422904357345,77.41582546090194,1,109.24896323343644,23.018598636044953,399.18182373046875
Q2-006,1276.8882448934262,79.15306965621718,1,109.24652272931216,23.017239138892794,399.18182373046875
Q2-006,1296.3535854295073,80.89031385153241,1,109.2440822251879,23.015879641740636,399.18182373046875
Q2-006,1315.8189259655887,82.62755804684767,1,109.24164172106363,23.01452014458848,399.18182373046875
Q2-006,1335.2842665016697,84.36480224216288,1,109.23920121693935,23.013160647436322,399.18182373046875
Q2-006,1354.749607037751,86.10204643747814,1,109.23676071281508,23.011801150284164,399.18182373046875
Q2-006,1374.2149475738322,87.83929063279336,1,109.23432020869082,23.01044165313201,399.18182373046875
Q2-006,1393.6802881099134,89.5765348281086,1,109.23187970456654,23.00908215597985,399.18182373046875
Q2-006,1413.1456286459945,91.31377902342383,1,109.2308517,23.0085095,371.0167567010143
Q2-006,1432.6109691820757,93.05102321873906,1,109.2308517,23.0085095,322.3534053608114
Q2-006,1452.0763097181568,94.7882674140543,1,109.2308517,23.0085095,273.6900540206085
Q2-006,1471.541650254238,96.52551160936954,1,109.2308517,23.0085095,225.0267026804056
Q2-006,1491.0069907903192,98.26275580468476,1,109.2308517,23.0085095,176.3633513402027
Q2-006,1510.4723313264003,100.0,1,109.2308517,23.0085095,127.7
Q2-010,1901.0,0.0,1,109.2308517,23.0085095,127.7
Q2-010,1920.831108080785,1.5912299975199133,1,109.2308517,23.0085095,187.19332424235512
Q2-010,1940.66221616157,3.1824599950398267,1,109.2308517,23.0085095,246.68664848471025
Q2-010,1960.493324242355,4.773689992559722,1,109.2308517,23.0085095,306.1799727270647
Q2-010,1980.32443232314,6.364919990079636,1,109.2308517,23.0085095,365.6732969694198
Q2-010,2000.155540403925,7.956149987599549,1,109.2308517,23.0085095,425.16662121177495
Q2-010,2019.98664848471,9.547379985119461,1,109.2308517,23.0085095,484.6599454541301
Q2-010,2039.817756565495,11.138609982639375,1,109.22950215396314,23.009251436997193,511.9731750488281
Q2-010,2059.64886464628,12.729839980159271,1,109.22700716503192,23.010623101649667,511.9731750488281
Q2-010,2079.479972727065,14.321069977679203,1,109.2245121761007,23.01199476630214,511.9731750488281
Q2-010,2099.31108080785,15.912299975199097,1,109.22201718716948,23.013366430954612,511.9731750488281
Q2-010,2119.142188888635,17.50352997271899,1,109.21952219823827,23.014738095607086,511.9731750488281
Q2-010,2138.97329696942,19.094759970238922,1,109.21702720930706,23.01610976025956,511.9731750488281
Q2-010,2158.804405050205,20.685989967758818,1,109.21453222037584,23.017481424912035,511.9731750488281
Q2-010,2178.63551313099,22.27721996527875,1,109.21203723144463,23.01885308956451,511.9731750488281
Q2-010,2198.466621211775,23.868449962798646,1,109.20954224251341,23.02022475421698,511.9731750488281
Q2-010,2218.29772929256,25.459679960318542,1,109.2070472535822,23.021596418869454,511.9731750488281
Q2-010,2238.128837373345,27.05090995783847,1,109.20455226465099,23.022968083521928,511.9731750488281
Q2-010,2257.95994545413,28.642139955358367,1,109.20205727571977,23.024339748174402,511.9731750488281
Q2-010,2277.791053534915,30.2333699528783,1,109.19956228678855,23.025711412826876,511.9731750488281
Q2-010,2297.6221616157,31.824599950398195,0,109.19706729785733,23.02708307747935,511.9731750488281
Q2-010,2317.4532696964848,33.41582994791809,0,109.19457230892613,23.02845474213182,511.9731750488281
Q2-010,2337.28437777727,35.00705994543802,0,109.1928191,23.0294186,497.23331060588714
Q2-010,2357.115485858055,36.59828994295792,0,109.1928191,23.0294186,447.6555404039251
Q2-010,2376.94659393884,38.189519940477844,0,109.1928191,23.0294186,398.0777702019619
Q2-010,2396.777702019625,39.78074993799774,0,109.1928191,23.0294186,348.5
Q2-010,2416.777702019625,41.3855316688398,0,109.1928191,23.0294186,348.5
Q2-010,2436.777702019625,42.99031339968187,0,109.1928191,23.0294186,348.5
Q2-010,2456.777702019625,44.59509513052394,0,109.1928191,23.0294186,348.5
Q2-010,2476.777702019625,46.199876861366,0,109.1928191,23.0294186,348.5
Q2-010,2496.777702019625,47.804658592208064,0,109.1928191,23.0294186,348.5
Q2-010,2516.777702019625,49.40944032305013,0,109.1928191,23.0294186,348.5
Q2-010,2536.777702019625,51.01422205389219,0,109.1928191,23.0294186,348.5
Q2-010,2556.777702019625,52.61900378473426,0,109.1928191,23.0294186,348.5
Q2-010,2576.777702019625,54.223785515576324,0,109.1928191,23.0294186,348.5
Q2-010,2596.777702019625,55.82856724641839,0,109.1928191,23.0294186,348.5
Q2-010,2616.777702019625,57.43334897726045,0,109.1928191,23.0294186,348.5
Q2-010,2636.777702019625,59.03813070810252,0,109.1928191,23.0294186,348.5
Q2-010,2656.4122290203795,60.61358721932933,0,109.1928191,23.0294186,407.40358100226376
Q2-010,2676.0467560211346,62.189043730556165,0,109.1928191,23.0294186,466.3071620045289
Q2-010,2695.681283021889,63.764500241782976,0,109.19337424775736,23.029113397621686,511.9731750488281
Q2-010,2715.315810022644,65.33995675300982,0,109.1958445044539,23.027755329956214,511.9731750488281
Q2-010,2734.950337023399,66.91541326423663,1,109.19831476115046,23.026397262290743,511.9731750488281
Q2-010,2754.584864024154,68.49086977546348,1,109.20078501784701,23.025039194625272,511.9731750488281
Q2-010,2774.2193910249084,70.06632628669028,1,109.20325527454355,23.0236811269598,511.9731750488281
Q2-010,2793.8539180256635,71.64178279791713,1,109.2057255312401,23.02232305929433,511.9731750488281
Q2-010,2813.488445026418,73.21723930914395,1,109.20819578793665,23.02096499162886,511.9731750488281
Q2-010,2833.122972027173,74.7926958203708,1,109.2106660446332,23.019606923963387,511.9731750488281
Q2-010,2852.7574990279277,76.3681523315976,1,109.21313630132974,23.018248856297916,511.9731750488281
Q2-010,2872.3920260286827,77.94360884282445,1,109.2156065580263,23.016890788632445,511.9731750488281
Q2-010,2892.0265530294373,79.51906535405126,1,109.21807681472283,23.015532720966974,511.9731750488281
Q2-010,2911.6610800301924,81.09452186527811,1,109.22054707141939,23.014174653301506,511.9731750488281
Q2-010,2931.295607030947,82.66997837650491,1,109.22301732811594,23.012816585636035,511.9731750488281
Q2-010,2950.9301340317015,84.24543488773173,1,109.22548758481248,23.011458517970564,511.9731750488281
Q2-010,2970.5646610324566,85.82089139895857,1,109.22795784150904,23.010100450305092,511.9731750488281
Q2-010,2990.199188033211,87.39634791018537,1,109.23042809820558,23.00874238263962,511.9731750488281
Q2-010,3009.833715033966,88.97180442141222,1,109.2308517,23.0085095,471.304222513209
Q2-010,3029.468242034721,90.54726093263903,1,109.2308517,23.0085095,422.21790501132256
Q2-010,3049.102769035476,92.12271744386588,1,109.2308517,23.0085095,373.13158750943495
Q2-010,3068.7372960362304,93.69817395509268,1,109.2308517,23.0085095,324.0452700075485
Q2-010,3088.3718230369855,95.27363046631953,1,109.2308517,23.0085095,274.9589525056609
Q2-010,3108.00635003774,96.84908697754635,1,109.2308517,23.0085095,225.8726350037744
Q2-010,3127.640877038495,98.4245434887732,1,109.2308517,23.0085095,176.7863175018868
Q2-010,3147.2754040392497,100.0,1,109.2308517,23.0085095,127.70000000000033
Q2-011,1916.0,0.0,1,109.2308517,23.0085095,127.7
Q2-011,1935.831108080785,1.6304784274125703,1,109.2308517,23.0085095,187.19332424235512
Q2-011,1955.66221616157,3.2609568548251406,1,109.2308517,23.0085095,246.68664848471025
Q2-011,1975.493324242355,4.891435282237692,1,109.2308517,23.0085095,306.1799727270647
Q2-011,1995.32443232314,6.521913709650263,1,109.2308517,23.0085095,365.6732969694198
Q2-011,2015.155540403925,8.152392137062833,1,109.2308517,23.0085095,425.16662121177495
Q2-011,2034.98664848471,9.782870564475402,1,109.2308517,23.0085095,484.6599454541301
Q2-011,2054.817756565495,11.413348991887974,1,109.22950215396314,23.009251436997193,511.9731750488281
Q2-011,2074.64886464628,13.043827419300525,1,109.22700716503192,23.010623101649667,511.9731750488281
Q2-011,2094.479972727065,14.674305846713114,1,109.2245121761007,23.01199476630214,511.9731750488281
Q2-011,2114.31108080785,16.304784274125666,1,109.22201718716948,23.013366430954612,511.9731750488281
Q2-011,2134.142188888635,17.935262701538214,1,109.21952219823827,23.014738095607086,511.9731750488281
Q2-011,2153.97329696942,19.565741128950805,1,109.21702720930706,23.01610976025956,511.9731750488281
Q2-011,2173.804405050205,21.196219556363356,1,109.21453222037584,23.017481424912035,511.9731750488281
Q2-011,2193.63551313099,22.826697983775947,1,109.21203723144463,23.01885308956451,511.9731750488281
Q2-011,2213.466621211775,24.4571764111885,1,109.20954224251341,23.02022475421698,511.9731750488281
Q2-011,2233.29772929256,26.08765483860105,1,109.2070472535822,23.021596418869454,511.9731750488281
Q2-011,2253.128837373345,27.718133266013634,1,109.20455226465099,23.022968083521928,511.9731750488281
Q2-011,2272.95994545413,29.34861169342619,1,109.20205727571977,23.024339748174402,511.9731750488281
Q2-011,2292.791053534915,30.979090120838777,1,109.19956228678855,23.025711412826876,511.9731750488281
Q2-011,2312.6221616157,32.60956854825133,0,109.19706729785733,23.02708307747935,511.9731750488281
Q2-011,2332.4532696964848,34.24004697566388,0,109.19457230892613,23.02845474213182,511.9731750488281
Q2-011,2352.28437777727,35.87052540307647,0,109.1928191,23.0294186,497.23331060588714
Q2-011,2372.115485858055,37.501003830489026,0,109.1928191,23.0294186,447.6555404039251
Q2-011,2391.94659393884,39.13148225790161,0,109.1928191,23.0294186,398.0777702019619
Q2-011,2411.777702019625,40.761960685314165,0,109.1928191,23.0294186,348.5
Q2-011,2430.868611110534,42.331581268572535,0,109.1928191,23.0294186,348.5
Q2-011,2449.959520201443,43.901201851830905,0,109.1928191,23.0294186,348.5
Q2-011,2469.0504292923524,45.47082243508932,0,109.1928191,23.0294186,348.5
Q2-011,2488.1413383832614,47.040443018347695,0,109.1928191,23.0294186,348.5
Q2-011,2507.2322474741704,48.610063601606065,0,109.1928191,23.0294186,348.5
Q2-011,2526.3231565650794,50.179684184864435,0,109.1928191,23.0294186,348.5
Q2-011,2545.4140656559885,51.74930476812281,0,109.1928191,23.0294186,348.5
Q2-011,2564.5049747468975,53.31892535138119,0,109.1928191,23.0294186,348.5
Q2-011,2583.595883837807,54.888545934639595,0,109.1928191,23.0294186,348.5
Q2-011,2602.686792928716,56.458166517897965,0,109.1928191,23.0294186,348.5
Q2-011,2621.777702019625,58.02778710115635,0,109.1928191,23.0294186,348.5
Q2-011,2641.4122290203795,59.64210298188109,0,109.1928191,23.0294186,407.40358100226376
Q2-011,2661.0467560211346,61.256418862605855,0,109.1928191,23.0294186,466.3071620045289
Q2-011,2680.681283021889,62.870734743330594,0,109.19337424775736,23.029113397621686,511.9731750488281
Q2-011,2700.315810022644,64.48505062405538,0,109.1958445044539,23.027755329956214,511.9731750488281
Q2-011,2719.950337023399,66.09936650478011,1,109.19831476115046,23.026397262290743,511.9731750488281
Q2-011,2739.584864024154,67.71368238550488,1,109.20078501784701,23.025039194625272,511.9731750488281
Q2-011,2759.2193910249084,69.32799826622963,1,109.20325527454355,23.0236811269598,511.9731750488281
Q2-011,2778.8539180256635,70.9423141469544,1,109.2057255312401,23.02232305929433,511.9731750488281
Q2-011,2798.488445026418,72.55663002767915,1,109.20819578793665,23.02096499162886,511.9731750488281
Q2-011,2818.122972027173,74.17094590840392,1,109.2106660446332,23.019606923963387,511.9731750488281
Q2-011,2837.7574990279277,75.78526178912865,1,109.21313630132974,23.018248856297916,511.9731750488281
Q2-011,2857.3920260286827,77.39957766985343,1,109.2156065580263,23.016890788632445,511.9731750488281
Q2-011,2877.0265530294373,79.01389355057817,1,109.21807681472283,23.015532720966974,511.9731750488281
Q2-011,2896.6610800301924,80.62820943130295,1,109.22054707141939,23.014174653301506,511.9731750488281
Q2-011,2916.295607030947,82.2425253120277,1,109.22301732811594,23.012816585636035,511.9731750488281
Q2-011,2935.9301340317015,83.85684119275243,1,109.22548758481248,23.011458517970564,511.9731750488281
Q2-011,2955.5646610324566,85.4711570734772,1,109.22795784150904,23.010100450305092,511.9731750488281
Q2-011,2975.199188033211,87.08547295420193,1,109.23042809820558,23.00874238263962,511.9731750488281
Q2-011,2994.833715033966,88.69978883492671,1,109.2308517,23.0085095,471.304222513209
Q2-011,3014.468242034721,90.31410471565145,1,109.2308517,23.0085095,422.21790501132256
Q2-011,3034.102769035476,91.92842059637623,1,109.2308517,23.0085095,373.13158750943495
Q2-011,3053.7372960362304,93.54273647710097,1,109.2308517,23.0085095,324.0452700075485
Q2-011,3073.3718230369855,95.15705235782575,1,109.2308517,23.0085095,274.9589525056609
Q2-011,3093.00635003774,96.77136823855048,1,109.2308517,23.0085095,225.8726350037744
Q2-011,3112.640877038495,98.38568411927527,1,109.2308517,23.0085095,176.7863175018868
Q2-011,3132.2754040392497,100.0,1,109.2308517,23.0085095,127.70000000000033
Q2-020,3958.0,0.0,1,109.2308517,23.0085095,127.7
Q2-020,3977.0116553148664,0.8497441913950684,1,109.2308517,23.0085095,184.7349659445992
Q2-020,3996.023310629733,1.6994883827901368,1,109.2308517,23.0085095,241.7699318891984
Q2-020,4015.034965944599,2.549232574185205,1,109.23080012240284,23.008624335084203,295.36175537109375
Q2-020,4034.0466212594656,3.3989767655802736,1,109.22994574982611,23.010526555276336,295.36175537109375
Q2-020,4053.058276574332,4.248720956975342,1,109.22909137724938,23.012428775468468,295.36175537109375
Q2-020,4072.0699318891984,5.09846514837041,1,109.22823700467265,23.014330995660597,295.36175537109375
Q2-020,4091.081587204065,5.948209339765478,1,109.22738263209592,23.01623321585273,295.36175537109375
Q2-020,4110.093242518931,6.797953531160547,1,109.2265282595192,23.01813543604486,295.36175537109375
Q2-020,4129.104897833798,7.647697722555615,1,109.22567388694247,23.02003765623699,295.36175537109375
Q2-020,4148.116553148664,8.497441913950684,1,109.22481951436573,23.021939876429123,295.36175537109375
Q2-020,4167.12820846353,9.347186105345752,1,109.22396514178901,23.023842096621255,295.36175537109375
Q2-020,4186.139863778397,10.19693029674082,1,109.22311076921228,23.025744316813384,295.36175537109375
Q2-020,4205.151519093263,11.046674488135888,1,109.22225639663556,23.027646537005516,295.36175537109375
Q2-020,4224.16317440813,11.896418679530957,1,109.22140202405883,23.02954875719765,295.36175537109375
Q2-020,4243.174829722996,12.746162870926025,1,109.22054765148211,23.031450977389778,295.36175537109375
Q2-020,4262.186485037862,13.595907062321094,1,109.2203356,23.0319231,259.6291382871652
Q2-020,4281.198140352729,14.445651253716163,1,109.2203356,23.0319231,212.10000000000002
Q2-020,4301.198140352729,15.339570459931307,1,109.2203356,23.0319231,212.1
Q2-020,4321.198140352729,16.233489666146454,1,109.2203356,23.0319231,212.1
Q2-020,4341.198140352729,17.127408872361602,1,109.2203356,23.0319231,212.1
Q2-020,4361.198140352729,18.02132807857675,1,109.2203356,23.0319231,212.1
Q2-020,4381.198140352729,18.9152472847919,1,109.2203356,23.0319231,212.1
Q2-020,4401.198140352729,19.809166491007048,1,109.2203356,23.0319231,212.1
Q2-020,4421.198140352729,20.703085697222193,1,109.2203356,23.0319231,212.1
Q2-020,4441.198140352729,21.59700490343734,1,109.2203356,23.0319231,212.1
Q2-020,4461.198140352729,22.49092410965249,1,109.2203356,23.0319231,212.1
Q2-020,4481.114623188559,23.38111043601262,1,109.2203356,23.0319231,271.8494485074905
Q2-020,4501.0311060243885,24.27129676237275,1,109.2203356,23.0319231,331.5988970149799
Q2-020,4520.947588860219,25.161483088732922,1,109.2203356,23.0319231,391.3483455224721
Q2-020,4540.864071696049,26.051669415093052,1,109.2203356,23.0319231,451.0977940299615
Q2-020,4560.780554531879,26.941855741453182,1,109.2203356,23.0319231,510.84724253745094
Q2-020,4580.697037367709,27.832042067813312,1,109.2203356,23.0319231,570.5966910449404
Q2-020,4600.613520203538,28.72222839417344,1,109.22075378183798,23.03174651318173,618.5668334960938
Q2-020,4620.530003039368,29.612414720533575,1,109.22287497081767,23.03085079275856,618.5668334960938
Q2-020,4640.446485875198,30.502601046893698,1,109.22499615979737,23.02995507233539,618.5668334960938
Q2-020,4660.362968711029,31.39278737325387,1,109.22711734877706,23.02905935191222,618.5668334960938
Q2-020,4680.279451546859,32.282973699614004,1,109.22923853775676,23.02816363148905,618.5668334960938
Q2-020,4700.195934382688,33.173160025974134,1,109.23135972673644,23.02726791106588,618.5668334960938
Q2-020,4720.112417218518,34.063346352334264,1,109.23348091571614,23.02637219064271,618.5668334960938
Q2-020,4740.028900054348,34.953532678694394,1,109.23560210469583,23.02547647021954,618.5668334960938
Q2-020,4759.945382890179,35.84371900505456,1,109.23772329367553,23.02458074979637,618.5668334960938
Q2-020,4779.861865726009,36.73390533141469,1,109.23984448265522,23.0236850293732,618.5668334960938
Q2-020,4799.778348561838,37.62409165777482,1,109.24196567163492,23.02278930895003,618.5668334960938
Q2-020,4819.694831397668,38.51427798413495,1,109.2440868606146,23.02189358852686,618.5668334960938
Q2-020,4839.611314233498,39.40446431049508,1,109.2462080495943,23.02099786810369,618.5668334960938
Q2-020,4859.527797069328,40.29465063685521,1,109.24832923857399,23.020102147680525,618.5668334960938
Q2-020,4879.444279905158,41.18483696321534,1,109.25045042755369,23.019206427257355,618.5668334960938
Q2-020,4899.360762740988,42.07502328957551,1,109.25257161653337,23.018310706834185,618.5668334960938
Q2-020,4919.277245576818,42.96520961593564,1,109.25469280551307,23.017414986411016,618.5668334960938
Q2-020,4939.193728412648,43.85539594229577,1,109.25681399449276,23.016519265987846,618.5668334960938
Q2-020,4959.110211248478,44.7455822686559,1,109.25893518347246,23.015623545564676,618.5668334960938
Q2-020,4979.026694084308,45.63576859501603,1,109.26105637245215,23.014727825141506,618.5668334960938
Q2-020,4998.943176920138,46.525954921376204,1,109.26317756143185,23.013832104718336,618.5668334960938
Q2-020,5018.859659755968,47.41614124773633,1,109.26529875041153,23.012936384295166,618.5668334960938
Q2-020,5038.776142591798,48.306327574096464,1,109.26741993939123,23.012040663871996,618.5668334960938
Q2-020,5058.692625427628,49.19651390045659,0,109.26954112837092,23.011144943448826,618.5668334960938
Q2-020,5078.6091082634575,50.086700226816724,0,109.27166231735062,23.010249223025657,618.5668334960938
Q2-020,5098.525591099287,50.97688655317685,0,109.2737835063303,23.009353502602487,618.5668334960938
Q2-020,5118.442073935117,51.867072879536984,0,109.27590469531,23.00845778217932,618.5668334960938
Q2-020,5138.358556770948,52.75725920589715,0,109.27802588428969,23.00756206175615,618.5668334960938
Q2-020,5158.275039606778,53.64744553225728,0,109.28014707326939,23.00666634133298,618.5668334960938
Q2-020,5178.1915224426075,54.53763185861741,0,109.28226826224908,23.00577062090981,618.5668334960938
Q2-020,5198.108005278437,55.42781818497754,0,109.2835966,23.0052097,599.9560354478749
Q2-020,5218.024488114267,56.31800451133767,0,109.2835966,23.0052097,550.1648283583004
Q2-020,5237.940970950098,57.20819083769784,0,109.2835966,23.0052097,500.3736212687236
Q2-020,5257.857453785928,58.09837716405797,0,109.2835966,23.0052097,450.58241417914905
Q2-020,5277.7739366217575,58.9885634904181,0,109.2835966,23.0052097,400.7912070895745
Q2-020,5297.690419457587,59.87874981677824,0,109.2835966,23.0052097,351.0
Q2-020,5317.690419457587,60.772669022993384,0,109.2835966,23.0052097,351.0
Q2-020,5337.690419457587,61.66658822920853,0,109.2835966,23.0052097,351.0
Q2-020,5357.690419457587,62.56050743542368,0,109.2835966,23.0052097,351.0
Q2-020,5377.690419457587,63.454426641638825,0,109.2835966,23.0052097,351.0
Q2-020,5397.690419457587,64.34834584785398,0,109.2835966,23.0052097,351.0
Q2-020,5417.690419457587,65.24226505406912,0,109.2835966,23.0052097,351.0
Q2-020,5437.690419457587,66.13618426028427,0,109.2835966,23.0052097,351.0
Q2-020,5457.690419457587,67.03010346649941,0,109.2835966,23.0052097,351.0
Q2-020,5477.690419457587,67.92402267271457,0,109.2835966,23.0052097,351.0
Q2-020,5497.625092837631,68.81502204291692,0,109.2835966,23.0052097,410.8040201401318
Q2-020,5517.559766217676,69.7060214131193,0,109.2835966,23.0052097,470.6080402802663
Q2-020,5537.49443959772,70.59702078332167,0,109.2835966,23.0052097,530.4120604203981
Q2-020,5557.429112977765,71.48802015352406,0,109.2835966,23.0052097,590.2160805605326
Q2-020,5577.363786357809,72.37901952372643,0,109.28133588823316,23.005351133516573,591.9473876953125
Q2-020,5597.298459737854,73.2700188939288,0,109.27900777843705,23.005496783554875,591.9473876953125
Q2-020,5617.2331331178975,74.16101826413117,0,109.27667966864094,23.005642433593177,591.9473876953125
Q2-020,5637.167806497942,75.05201763433357,0,109.27435155884483,23.005788083631476,591.9473876953125
Q2-020,5657.102479877986,75.94301700453592,0,109.27202344904872,23.005933733669778,591.9473876953125
Q2-020,5677.03715325803,76.83401637473828,0,109.2696953392526,23.00607938370808,591.9473876953125
Q2-020,5696.971826638075,77.72501574494066,1,109.26736722945648,23.006225033746382,591.9473876953125
Q2-020,5716.906500018119,78.61601511514303,1,109.26503911966037,23.006370683784684,591.9473876953125
Q2-020,5736.841173398164,79.50701448534542,1,109.26271100986426,23.006516333822983,591.9473876953125
Q2-020,5756.775846778208,80.39801385554779,1,109.26038290006815,23.006661983861285,591.9473876953125
Q2-020,5776.710520158253,81.28901322575017,1,109.25805479027204,23.006807633899587,591.9473876953125
Q2-020,5796.645193538297,82.18001259595252,1,109.25572668047593,23.00695328393789,591.9473876953125
Q2-020,5816.579866918341,83.07101196615493,1,109.2533985706798,23.00709893397619,591.9473876953125
Q2-020,5836.514540298385,83.96201133635728,1,109.2510704608837,23.00724458401449,591.9473876953125
Q2-020,5856.449213678429,84.85301070655964,1,109.24874235108759,23.007390234052792,591.9473876953125
Q2-020,5876.383887058474,85.74401007676202,1,109.24641424129148,23.007535884091094,591.9473876953125
Q2-020,5896.318560438518,86.63500944696439,1,109.24408613149537,23.007681534129397,591.9473876953125
Q2-020,5916.253233818563,87.52600881716678,1,109.24175802169925,23.0078271841677,591.9473876953125
Q2-020,5936.187907198607,88.41700818736913,1,109.23942991190313,23.007972834206,591.9473876953125
Q2-020,5956.122580578652,89.30800755757153,1,109.23710180210702,23.0081184842443,591.9473876953125
Q2-020,5976.057253958696,90.19900692777388,1,109.23477369231091,23.0082641342826,591.9473876953125
Q2-020,5995.99192733874,91.09000629797629,1,109.2324455825148,23.008409784320904,591.9473876953125
Q2-020,6015.926600718784,91.98100566817864,1,109.2308517,23.0085095,576.2301510509986
Q2-020,6035.861274098828,92.872005038381,1,109.2308517,23.0085095,526.3934676008888
Q2-020,6055.795947478873,93.76300440858338,1,109.2308517,23.0085095,476.5567841507767
Q2-020,6075.730620858917,94.65400377878574,1,109.2308517,23.0085095,426.7201007006669
Q2-020,6095.665294238962,95.54500314898814,1,109.2308517,23.0085095,376.88341725055477
Q2-020,6115.599967619006,96.4360025191905,1,109.2308517,23.0085095,327.04673380044494
Q2-020,6135.534640999051,97.3270018893929,1,109.2308517,23.0085095,277.21005035033284
Q2-020,6155.469314379095,98.21800125959524,1,109.2308517,23.0085095,227.373366900223
Q2-020,6175.4039877591385,99.1090006297976,1,109.2308517,23.0085095,177.53668345011317
Q2-020,6195.338661139183,100.0,1,109.2308517,23.0085095,127.70000000000107
Q2-003,360.0,0.0,1,109.2308517,23.0085095,127.7
Q2-003,379.0116553148664,2.2054697468116617,1,109.2308517,23.0085095,184.7349659445992
Q2-003,398.02331062973275,4.410939493623317,1,109.2308517,23.0085095,241.76993188919823
Q2-003,417.03496594459915,6.616409240434979,1,109.23080012240284,23.008624335084203,295.36175537109375
Q2-003,436.0466212594655,8.821878987246635,1,109.22994574982611,23.010526555276336,295.36175537109375
Q2-003,455.0582765743319,11.027348734058297,1,109.22909137724938,23.012428775468468,295.36175537109375
Q2-003,474.0699318891983,13.232818480869957,1,109.22823700467265,23.014330995660597,295.36175537109375
Q2-003,493.0815872040647,15.43828822768162,1,109.22738263209592,23.01623321585273,295.36175537109375
Q2-003,512.093242518931,17.64375797449327,1,109.2265282595192,23.01813543604486,295.36175537109375
Q2-003,531.1048978337974,19.84922772130493,1,109.22567388694247,23.02003765623699,295.36175537109375
Q2-003,550.1165531486638,22.054697468116593,1,109.22481951436573,23.021939876429123,295.36175537109375
Q2-003,569.1282084635302,24.260167214928252,1,109.22396514178901,23.023842096621255,295.36175537109375
Q2-003,588.1398637783966,26.465636961739914,1,109.22311076921228,23.025744316813384,295.36175537109375
Q2-003,607.151519093263,28.671106708551577,1,109.22225639663556,23.027646537005516,295.36175537109375
Q2-003,626.1631744081294,30.87657645536324,1,109.22140202405883,23.02954875719765,295.36175537109375
Q2-003,645.1748297229957,33.08204620217489,1,109.22054765148211,23.031450977389778,295.36175537109375
Q2-003,664.1864850378621,35.28751594898655,1,109.2203356,23.0319231,259.62913828716603
Q2-003,683.1981403527285,37.49298569579821,1,109.2203356,23.0319231,212.10000000000002
Q2-003,702.2890494436376,39.70764937141239,1,109.2203356,23.0319231,212.1
Q2-003,721.3799585345466,41.92231304702654,1,109.2203356,23.0319231,212.1
Q2-003,740.4708676254558,44.13697672264072,1,109.2203356,23.0319231,212.1
Q2-003,759.5617767163649,46.351640398254894,1,109.2203356,23.0319231,212.1
Q2-003,778.652685807274,48.56630407386908,1,109.2203356,23.0319231,212.1
Q2-003,797.743594898183,50.78096774948323,1,109.2203356,23.0319231,212.1
Q2-003,816.8345039890921,52.99563142509741,1,109.2203356,23.0319231,212.1
Q2-003,835.9254130800012,55.21029510071158,1,109.2203356,23.0319231,212.1
Q2-003,855.0163221709104,57.42495877632576,1,109.2203356,23.0319231,212.1
Q2-003,874.1072312618194,59.63962245193992,1,109.2203356,23.0319231,212.1
Q2-003,893.1981403527285,61.8542861275541,1,109.2203356,23.0319231,212.1
Q2-003,912.5407760597518,64.09815164946268,1,109.2203356,23.0319231,270.12790712106994
Q2-003,931.883411766775,66.34201717137127,1,109.22082684855455,23.03082935829378,295.36175537109375
Q2-003,951.2260474737983,68.58588269327986,1,109.22169609519489,23.028894021701486,295.36175537109375
Q2-003,970.5686831808215,70.82974821518842,1,109.22256534183522,23.026958685109193,295.36175537109375
Q2-003,989.9113188878448,73.07361373709702,1,109.22343458847556,23.0250233485169,295.36175537109375
Q2-003,1009.253954594868,75.31747925900558,1,109.2243038351159,23.023088011924607,295.36175537109375
Q2-003,1028.5965903018912,77.56134478091415,1,109.22517308175624,23.02115267533231,295.36175537109375
Q2-003,1047.9392260089146,79.80521030282276,1,109.22604232839657,23.019217338740017,295.36175537109375
Q2-003,1067.2818617159378,82.04907582473135,1,109.22691157503692,23.017282002147724,295.36175537109375
Q2-003,1086.624497422961,84.29294134663992,1,109.22778082167726,23.01534666555543,295.36175537109375
Q2-003,1105.9671331299842,86.5368068685485,1,109.22865006831759,23.013411328963137,295.36175537109375
Q2-003,1125.3097688370076,88.7806723904571,1,109.22951931495793,23.011475992370844,295.36175537109375
Q2-003,1144.6524045440308,91.02453791236566,1,109.23038856159828,23.009540655778547,295.36175537109375
Q2-003,1163.995040251054,93.26840343427425,1,109.2308517,23.0085095,272.76976780267427
Q2-003,1183.3376759580774,95.51226895618285,1,109.2308517,23.0085095,224.41317853511572
Q2-003,1202.6803116651006,97.75613447809143,1,109.2308517,23.0085095,176.05658926755774
Q2-003,1222.0229473721238,100.0,1,109.2308517,23.0085095,127.7
Q2-007,570.0,0.0,1,109.2308517,23.0085095,127.7
Q2-007,589.1418461930153,1.7057898462253618,1,109.2308517,23.0085095,175.55461548253834
Q2-007,608.2836923860307,3.4115796924507236,1,109.2308517,23.0085095,223.4092309650767
Q2-007,627.4255385790461,5.117369538676095,1,109.2308517,23.0085095,271.2638464476153
Q2-007,646.5673847720615,6.823159384901457,1,109.23197205144832,23.010779414819524,273.0566101074219
Q2-007,665.7092309650768,8.52894923112682,1,109.23313600786005,23.013137676516955,273.0566101074219
Q2-007,684.8510771580923,10.23473907735219,1,109.23429996427177,23.01549593821439,273.0566101074219
Q2-007,703.9929233511076,11.940528923577551,1,109.2354639206835,23.017854199911824,273.0566101074219
Q2-007,723.134769544123,13.646318769802914,1,109.23662787709523,23.02021246160926,273.0566101074219
Q2-007,742.2766157371383,15.352108616028275,1,109.23779183350695,23.022570723306693,273.0566101074219
Q2-007,761.4184619301536,17.05789846225364,1,109.23895578991868,23.024928985004127,273.0566101074219
Q2-007,780.5603081231691,18.76368830847901,1,109.2401197463304,23.02728724670156,273.0566101074219
Q2-007,799.7021543161844,20.469478154704372,1,109.24128370274212,23.029645508398993,273.0566101074219
Q2-007,818.8440005091998,22.175268000929734,1,109.24244765915384,23.032003770096427,273.0566101074219
Q2-007,837.9858467022152,23.881057847155102,1,109.2432319,23.0335927,260.5673847720614
Q2-007,857.1276928952306,25.586847693380463,1,109.2432319,23.0335927,222.28369238603074
Q2-007,876.2695390882459,27.292637539605828,1,109.2432319,23.0335927,184.00000000000006
Q2-007,895.6541544728613,29.020061308590364,1,109.2432319,23.0335927,184.0
Q2-007,915.0387698574766,30.747485077574893,1,109.2432319,23.0335927,184.0
Q2-007,934.4233852420921,32.47490884655944,1,109.2432319,23.0335927,184.0
Q2-007,953.8080006267074,34.20233261554397,1,109.2432319,23.0335927,184.0
Q2-007,973.1926160113228,35.92975638452851,1,109.2432319,23.0335927,184.0
Q2-007,992.5772313959382,37.65718015351304,1,109.2432319,23.0335927,184.0
Q2-007,1011.9618467805535,39.384603922497575,1,109.2432319,23.0335927,184.0
Q2-007,1031.346462165169,41.11202769148212,1,109.2432319,23.0335927,184.0
Q2-007,1050.7310775497845,42.83945146046666,1,109.2432319,23.0335927,184.0
Q2-007,1070.1156929343997,44.566875229451185,1,109.2432319,23.0335927,184.0
Q2-007,1089.5003083190152,46.29429899843573,1,109.2432319,23.0335927,184.0
Q2-007,1108.8849237036304,48.02172276742026,1,109.2432319,23.0335927,184.0
Q2-007,1128.269539088246,49.7491465364048,1,109.2432319,23.0335927,184.0
Q2-007,1147.6541544728611,51.47657030538932,1,109.2432319,23.0335927,184.0
Q2-007,1167.0387698574766,53.20399407437387,1,109.2432319,23.0335927,184.0
Q2-007,1186.423385242092,54.93141784335841,1,109.2432319,23.0335927,184.0
Q2-007,1205.8080006267073,56.65884161234294,1,109.2432319,23.0335927,184.0
Q2-007,1225.1926160113228,58.38626538132748,1,109.2432319,23.0335927,184.0
Q2-007,1244.5772313959383,60.11368915031203,1,109.2432319,23.0335927,184.0
Q2-007,1263.9618467805535,61.84111291929654,1,109.2432319,23.0335927,184.0
Q2-007,1283.346462165169,63.568536688281085,1,109.2432319,23.0335927,184.0
Q2-007,1302.7310775497845,65.29596045726564,1,109.2432319,23.0335927,184.0
Q2-007,1322.1156929343997,67.02338422625016,1,109.2432319,23.0335927,184.0
Q2-007,1341.5003083190152,68.75080799523471,1,109.2432319,23.0335927,184.0
Q2-007,1360.8849237036306,70.47823176421925,1,109.2432319,23.0335927,184.0
Q2-007,1380.269539088246,72.20565553320378,1,109.2432319,23.0335927,184.0
Q2-007,1399.7632602812612,73.94280206237853,1,109.2432319,23.0335927,232.73430298253822
Q2-007,1419.2569814742767,75.67994859155331,1,109.24302729702879,23.033178159261766,273.0566101074219
Q2-007,1438.750702667292,77.41709512072805,1,109.24184194418757,23.030776546817155,273.0566101074219
Q2-007,1458.2444238603075,79.15424164990283,1,109.24065659134637,23.028374934372547,273.0566101074219
Q2-007,1477.7381450533228,80.8913881790776,1,109.23947123850515,23.025973321927935,273.0566101074219
Q2-007,1497.231866246338,82.62853470825235,1,109.23828588566393,23.023571709483328,273.0566101074219
Q2-007,1516.7255874393536,84.36568123742713,1,109.23710053282272,23.02117009703872,273.0566101074219
Q2-007,1536.219308632369,86.10282776660189,1,109.2359151799815,23.01876848459411,273.0566101074219
Q2-007,1555.7130298253842,87.83997429577664,1,109.23472982714028,23.0163668721495,273.0566101074219
Q2-007,1575.2067510183997,89.57712082495142,1,109.23354447429908,23.01396525970489,273.0566101074219
Q2-007,1594.700472211415,91.31426735412619,1,109.23235912145786,23.01156364726028,273.0566101074219
Q2-007,1614.1941934044303,93.05141388330094,1,109.23117376861664,23.00916203481567,273.0566101074219
Q2-007,1633.6879145974458,94.7885604124757,1,109.2308517,23.0085095,244.662327158092
Q2-007,1653.181635790461,96.52570694165047,1,109.2308517,23.0085095,205.67488477206143
Q2-007,1672.6753569834764,98.26285347082522,1,109.2308517,23.0085095,166.6874423860309
Q2-007,1692.169078176492,100.0,1,109.2308517,23.0085095,127.7
Q2-008,480.0,0.0,1,109.2308517,23.0085095,127.7
Q2-008,499.61305496357124,1.8134145260866006,1,109.2308517,23.0085095,176.7326374089281
Q2-008,519.2261099271425,3.626829052173201,1,109.2308517,23.0085095,225.7652748178562
Q2-008,538.8391648907137,5.440243578259801,1,109.2308517,23.0085095,274.7979122267843
Q2-008,558.452219854285,7.253658104346402,1,109.2308517,23.0085095,323.83054963571243
Q2-008,578.0652748178563,9.067072630433014,1,109.23045589441598,23.008499365381464,366.09783935546875
Q2-008,597.6783297814276,10.880487156519614,1,109.22758724781013,23.008425913565134,366.09783935546875
Q2-008,617.2913847449988,12.693901682606215,1,109.2247186012043,23.008352461748803,366.09783935546875
Q2-008,636.9044397085701,14.507316208692814,1,109.22184995459847,23.008279009932473,366.09783935546875
Q2-008,656.5174946721413,16.320730734779417,1,109.21898130799262,23.008205558116142,366.09783935546875
Q2-008,676.1305496357126,18.134145260866017,1,109.21611266138679,23.00813210629981,366.09783935546875
Q2-008,695.7436045992838,19.947559786952617,1,109.21324401478095,23.00805865448348,366.09783935546875
Q2-008,715.3566595628552,21.760974313039227,1,109.21037536817511,23.00798520266715,366.09783935546875
Q2-008,734.9697145264263,23.574388839125817,1,109.20750672156927,23.00791175085082,366.09783935546875
Q2-008,754.5827694899976,25.38780336521243,1,109.20463807496344,23.00783829903449,366.09783935546875
Q2-008,774.1958244535688,27.20121789129902,1,109.20176942835761,23.00776484721816,366.09783935546875
Q2-008,793.8088794171401,29.014632417385627,1,109.1997836,23.007714,354.0261099271424
Q2-008,813.4219343807114,30.82804694347223,1,109.1997836,23.007714,314.8
Q2-008,833.2219343807113,32.658746326266225,1,109.1997836,23.007714,314.8
Q2-008,853.0219343807114,34.489445709060234,1,109.1997836,23.007714,314.8
Q2-008,872.8219343807114,36.32014509185423,1,109.1997836,23.007714,314.8
Q2-008,892.6219343807113,38.150844474648224,1,109.1997836,23.007714,314.8
Q2-008,912.4219343807114,39.98154385744223,1,109.1997836,23.007714,314.8
Q2-008,932.2219343807113,41.81224324023623,1,109.1997836,23.007714,314.8
Q2-008,952.0219343807114,43.64294262303024,1,109.1997836,23.007714,314.8
Q2-008,971.8219343807114,45.47364200582423,1,109.1997836,23.007714,314.8
Q2-008,991.6219343807113,47.304341388618234,1,109.1997836,23.007714,314.8
Q2-008,1011.4219343807113,49.13504077141223,1,109.1997836,23.007714,314.8
Q2-008,1031.2219343807114,50.965740154206244,1,109.1997836,23.007714,314.8
Q2-008,1051.0219343807112,52.79643953700022,1,109.1997836,23.007714,314.8
Q2-008,1070.8219343807114,54.627138919794234,1,109.1997836,23.007714,314.8
Q2-008,1090.6219343807113,56.457838302588236,1,109.1997836,23.007714,314.8
Q2-008,1110.4219343807113,58.28853768538223,1,109.1997836,23.007714,314.8
Q2-008,1130.2219343807112,60.11923706817623,1,109.1997836,23.007714,314.8
Q2-008,1150.0219343807112,61.94993645097022,1,109.1997836,23.007714,314.8
Q2-008,1169.8219343807114,63.78063583376424,1,109.1997836,23.007714,314.8
Q2-008,1189.6219343807113,65.61133521655825,1,109.1997836,23.007714,314.8
Q2-008,1209.4219343807113,67.44203459935224,1,109.1997836,23.007714,314.8
Q2-008,1228.9848196240841,69.25081045494379,1,109.1997836,23.007714,363.7072131084322
Q2-008,1248.547704867457,71.05958631053532,1,109.20250504547116,23.00778368272512,366.09783935546875
Q2-008,1268.11059011083,72.86836216612687,1,109.20536635414837,23.00785694665348,366.09783935546875
Q2-008,1287.6734753542028,74.67713802171842,1,109.20822766282556,23.007930210581844,366.09783935546875
Q2-008,1307.2363605975754,76.48591387730994,1,109.21108897150278,23.008003474510204,366.09783935546875
Q2-008,1326.7992458409483,78.29468973290149,1,109.21395028017999,23.008076738438564,366.09783935546875
Q2-008,1346.3621310843212,80.10346558849302,1,109.21681158885718,23.008150002366925,366.09783935546875
Q2-008,1365.925016327694,81.91224144408457,1,109.2196728975344,23.008223266295285,366.09783935546875
Q2-008,1385.487901571067,83.72101729967612,1,109.2225342062116,23.008296530223646,366.09783935546875
Q2-008,1405.0507868144398,85.52979315526765,1,109.2253955148888,23.00836979415201,366.09783935546875
Q2-008,1424.6136720578127,87.3385690108592,1,109.22825682356601,23.00844305808037,366.09783935546875
Q2-008,1444.1765573011855,89.14734486645075,1,109.2308517,23.0085095,362.4546229204741
Q2-008,1463.7394425445584,90.9561207220423,1,109.2308517,23.0085095,323.32885243372834
Q2-008,1483.302327787931,92.76489657763383,1,109.2308517,23.0085095,284.20308194698305
Q2-008,1502.865213031304,94.57367243322537,1,109.2308517,23.0085095,245.07731146023724
Q2-008,1522.4280982746768,96.38244828881692,1,109.2308517,23.0085095,205.9515409734915
Q2-008,1541.9909835180497,98.19122414440847,1,109.2308517,23.0085095,166.82577048674574
Q2-008,1561.5538687614226,100.0,1,109.2308517,23.0085095,127.7
Q2-014,2173.0,0.0,1,109.2308517,23.0085095,127.7
Q2-014,2192.141846193015,1.8874413157451884,1,109.2308517,23.0085095,175.55461548253805
Q2-014,2211.283692386031,3.7748826314904216,1,109.2308517,23.0085095,223.40923096507726
Q2-014,2230.425538579046,5.66232394723561,1,109.2308517,23.0085095,271.2638464476153
Q2-014,2249.5673847720614,7.549765262980798,1,109.23197205144832,23.010779414819524,273.0566101074219
Q2-014,2268.709230965077,9.43720657872603,1,109.23313600786005,23.013137676516955,273.0566101074219
Q2-014,2287.8510771580923,11.32464789447122,1,109.23429996427177,23.01549593821439,273.0566101074219
Q2-014,2306.9929233511075,13.212089210216408,1,109.2354639206835,23.017854199911824,273.0566101074219
Q2-014,2326.1347695441227,15.099530525961596,1,109.23662787709523,23.02021246160926,273.0566101074219
Q2-014,2345.2766157371384,16.986971841706833,1,109.23779183350695,23.022570723306693,273.0566101074219
Q2-014,2364.4184619301536,18.874413157452018,1,109.23895578991868,23.024928985004127,273.0566101074219
Q2-014,2383.560308123169,20.761854473197207,1,109.2401197463304,23.02728724670156,273.0566101074219
Q2-014,2402.7021543161845,22.64929578894244,1,109.24128370274212,23.029645508398993,273.0566101074219
Q2-014,2421.8440005091998,24.536737104687628,1,109.24244765915384,23.032003770096427,273.0566101074219
Q2-014,2440.985846702215,26.424178420432817,1,109.2432319,23.0335927,260.56738477206187
Q2-014,2460.1276928952307,28.31161973617805,1,109.2432319,23.0335927,222.2836923860305
Q2-014,2479.269539088246,30.199061051923234,1,109.2432319,23.0335927,184.00000000000006
Q2-014,2499.069539088246,32.15139823376684,1,109.2432319,23.0335927,184.0
Q2-014,2518.869539088246,34.1037354156104,1,109.2432319,23.0335927,184.0
Q2-014,2538.669539088246,36.056072597454005,1,109.2432319,23.0335927,184.0
Q2-014,2558.4695390882457,38.008409779297565,1,109.2432319,23.0335927,184.0
Q2-014,2578.269539088246,39.96074696114117,1,109.2432319,23.0335927,184.0
Q2-014,2598.069539088246,41.91308414298477,1,109.2432319,23.0335927,184.0
Q2-014,2617.869539088246,43.86542132482833,1,109.2432319,23.0335927,184.0
Q2-014,2637.669539088246,45.817758506671936,1,109.2432319,23.0335927,184.0
Q2-014,2657.4695390882457,47.7700956885155,1,109.2432319,23.0335927,184.0
Q2-014,2677.269539088246,49.7224328703591,1,109.2432319,23.0335927,184.0
Q2-014,2697.069539088246,51.67477005220271,1,109.2432319,23.0335927,184.0
Q2-014,2716.869539088246,53.627107234046264,1,109.2432319,23.0335927,184.0
Q2-014,2736.669539088246,55.57944441588987,1,109.2432319,23.0335927,184.0
Q2-014,2756.4695390882457,57.53178159773343,1,109.2432319,23.0335927,184.0
Q2-014,2776.269539088246,59.48411877957703,1,109.2432319,23.0335927,184.0
Q2-014,2796.069539088246,61.43645596142064,1,109.2432319,23.0335927,184.0
Q2-014,2815.869539088246,63.388793143264195,1,109.2432319,23.0335927,184.0
Q2-014,2835.669539088246,65.3411303251078,1,109.2432319,23.0335927,184.0
Q2-014,2855.4695390882457,67.29346750695136,1,109.2432319,23.0335927,184.0
Q2-014,2875.269539088246,69.24580468879498,1,109.2432319,23.0335927,184.0
Q2-014,2894.7632602812614,71.1679418957453,1,109.2432319,23.0335927,232.7343029825388
Q2-014,2914.2569814742765,73.09007910269557,1,109.24302729702879,23.033178159261766,273.0566101074219
Q2-014,2933.750702667292,75.0122163096459,1,109.24184194418757,23.030776546817155,273.0566101074219
Q2-014,2953.2444238603075,76.93435351659623,1,109.24065659134637,23.028374934372547,273.0566101074219
Q2-014,2972.7381450533226,78.85649072354651,1,109.23947123850515,23.025973321927935,273.0566101074219
Q2-014,2992.231866246338,80.77862793049684,1,109.23828588566393,23.023571709483328,273.0566101074219
Q2-014,3011.7255874393536,82.70076513744716,1,109.23710053282272,23.02117009703872,273.0566101074219
Q2-014,3031.2193086323687,84.62290234439746,1,109.2359151799815,23.01876848459411,273.0566101074219
Q2-014,3050.713029825384,86.54503955134778,1,109.23472982714028,23.0163668721495,273.0566101074219
Q2-014,3070.2067510183997,88.46717675829811,1,109.23354447429908,23.01396525970489,273.0566101074219
Q2-014,3089.700472211415,90.38931396524845,1,109.23235912145786,23.01156364726028,273.0566101074219
Q2-014,3109.1941934044303,92.31145117219873,1,109.23117376861664,23.00916203481567,273.0566101074219
Q2-014,3128.687914597446,94.23358837914905,1,109.2308517,23.0085095,244.662327158092
Q2-014,3148.1816357904613,96.15572558609938,1,109.2308517,23.0085095,205.67488477206098
Q2-014,3167.6753569834764,98.07786279304968,1,109.2308517,23.0085095,166.6874423860309
Q2-014,3187.169078176492,100.0,1,109.2308517,23.0085095,127.7
